ID,RiskScore
0,35.52463091668347
1,54.91754029965096
2,30.810037982939384
3,34.26755604038314
4,32.222737426408074
5,75.06523258694995
6,31.510756797397377
7,29.470466651919722
8,31.88661956692018
9,64.45482940430733
10,49.856314115427494
11,28.037974872563908
12,50.98374009454118
13,34.86294371195625
14,48.93470261631106
15,58.171106863461965
16,24.016843610323825
17,33.76461351793487
18,66.08798219718867
19,66.38676690043148
20,76.16596061786684
21,31.766278198371047
22,64.10256438739674
23,36.966328519738326
24,54.88599020305567
25,28.40977670991701
26,31.703588130255177
27,27.62712753970409
28,56.914784306253374
29,77.32716566735556
30,30.91843376778322
31,64.46284460481787
32,32.9797071298686
33,31.679861379570895
34,36.19130371603707
35,37.1284456273916
36,73.69743851550047
37,59.167664789172555
38,43.83145805200105
39,71.02585073760947
40,67.07535940283742
41,55.887214743770876
42,78.62885978593499
43,24.477289146182684
44,45.677098712346364
45,29.69273281881476
46,37.71380166980241
47,69.7177990154972
48,28.606303288559282
49,35.82972291184373
50,64.0922775098654
51,58.67247307253655
52,50.67450608263849
53,33.81021769153999
54,29.266150964497662
55,33.34866802143061
56,72.39612818869078
57,37.44526933610968
58,39.66510026091497
59,58.17582210951454
60,68.3929120032389
61,50.32066497240334
62,29.57676447261776
63,80.59805621241726
64,26.854901660244607
65,33.35188156790073
66,58.24946315560305
67,64.120696186019
68,36.96368081853836
69,67.98532566140068
70,35.168965542926976
71,40.573309098783405
72,51.55534158379871
73,59.638247553861866
74,53.973973677095536
75,63.43884219280115
76,66.75372683581381
77,23.644415893537065
78,52.67699282599823
79,59.89979176980039
80,71.470156888195
81,60.07672181216508
82,58.23708830792707
83,34.277698163859505
84,68.58279242867212
85,73.2948500280045
86,63.160488279823355
87,22.65428926589113
88,51.54390499996671
89,76.90737384598981
90,34.4322823772629
91,58.1992400917427
92,34.174541753065334
93,30.631684128525272
94,37.129706461531654
95,35.788109805515255
96,34.2252041698766
97,65.20963811585762
98,34.791609198190976
99,62.277704378021795
100,33.581065031288055
101,32.55998071891925
102,70.04804011279793
103,74.56243926396306
104,29.721519209423015
105,83.42822549869277
106,70.24673011594338
107,71.77383817193434
108,36.919909191278414
109,76.11362283177787
110,51.55267356822276
111,64.89925722118504
112,77.16483881594759
113,66.12099644682476
114,67.81771458282428
115,31.68563046419164
116,73.26059343396193
117,57.13288232685082
118,37.60819554355292
119,45.898217244424345
120,29.78415285404612
121,71.90866296654745
122,29.95324194522059
123,57.116683081019865
124,34.19744789193291
125,65.21395344562968
126,25.655643240603823
127,30.453658738239774
128,34.403621929495536
129,72.30714799600332
130,29.633262216621837
131,67.73499497873624
132,71.18734736494426
133,78.86931932542484
134,26.423178169753122
135,33.82203731467957
136,21.451758884202732
137,33.50112395431
138,33.16048761786529
139,40.95487348174267
140,48.06842749254015
141,48.25176243680855
142,24.98940250965949
143,24.947216934443333
144,67.18227937577835
145,31.900867115618283
146,53.85177907725198
147,70.27295148477043
148,70.18893096899347
149,75.15651184416699
150,37.455550047167044
151,34.08557615931846
152,71.93894246971414
153,45.20410228270197
154,63.51251628007168
155,33.71362225020469
156,67.07022987916207
157,66.95543148232122
158,65.05902100807693
159,73.00825097298777
160,46.39076914592047
161,33.30217643620835
162,67.93305147024037
163,35.129963844030534
164,42.383774557394354
165,54.0324775125362
166,31.932324189332896
167,44.67878324573876
168,33.42133920603067
169,25.688202787969495
170,33.413722974162205
171,39.74250995158545
172,62.83100989211284
173,40.78792105980165
174,32.28516205889084
175,43.05486933659898
176,62.55101183277552
177,40.55534629739985
178,48.72102330665593
179,70.38253207215766
180,39.97109101437278
181,31.452674362020893
182,66.72333053704408
183,51.188944389017
184,74.87197246897952
185,69.53140792994083
186,71.21368333388334
187,62.761572529281196
188,32.356300072650996
189,20.730915618438047
190,29.506953420016117
191,74.78978908302757
192,59.02343017199456
193,29.01077825105461
194,64.92157364981949
195,25.77404147342216
196,32.37766350652787
197,63.513480641708654
198,70.89237658999525
199,32.94569499423084
200,32.12503518792682
201,62.82533367665639
202,30.483675885753883
203,34.90586121400858
204,75.38734662667775
205,62.24700707915782
206,63.83851823918586
207,50.70115071688821
208,56.03562739225784
209,71.96888030957848
210,29.05662779751001
211,27.84218230314019
212,71.07990702436186
213,66.39536256519489
214,37.581339860673495
215,60.956918169352996
216,66.88791909559387
217,72.25928820340305
218,57.75191598748034
219,33.926691456194725
220,31.699391326857217
221,32.9183982777173
222,32.80763162258446
223,57.49291439187735
224,30.143400810558674
225,66.72924455279589
226,57.04628175992423
227,33.58203425658763
228,33.91791029210561
229,37.2259283094116
230,42.31570952492057
231,54.08109797967066
232,54.03783557719893
233,56.255839728589564
234,72.7299947778142
235,43.51829628652537
236,29.9925258132615
237,54.61908857298612
238,65.36416441480328
239,28.248815826891438
240,62.61288448529016
241,67.88074377227342
242,47.55613136824269
243,66.515430409284
244,64.68478412040432
245,68.17270140552826
246,21.7997426919541
247,38.92030717571979
248,81.17738214530797
249,23.221187338006715
250,62.88270153137293
251,31.200379657020562
252,46.800722808483904
253,59.30592542082301
254,58.51679716409472
255,32.669393767915125
256,54.652572272717855
257,67.47883862203119
258,64.1398484637281
259,37.248627112152306
260,50.44808458585019
261,48.34774407244166
262,26.75329939097186
263,78.2806593380139
264,60.28486303838829
265,25.71477779809117
266,41.38402358693262
267,23.999249005923758
268,65.50859957930851
269,77.09850115985857
270,66.8488718632409
271,74.78313696057072
272,29.45449386197553
273,49.31305741169287
274,27.101547626830353
275,38.059289584504256
276,63.32287581936881
277,32.7303415745588
278,60.82380684074505
279,26.30406795135002
280,60.628858052270004
281,59.40264963059894
282,63.60194508209591
283,56.13178278994255
284,35.39256348120877
285,29.85293706751571
286,29.853410759397804
287,72.97465234279484
288,55.34503585784821
289,33.138257553244166
290,61.31637590051601
291,37.98531768650267
292,55.289784312769626
293,69.720129890901
294,31.380105127548852
295,68.44781902167833
296,67.1079465574866
297,31.172311382915886
298,33.19246003812435
299,71.47139242084353
300,49.89068830745891
301,70.11281122247703
302,50.92874614384677
303,34.82222791653467
304,58.8277620478945
305,29.345196610009964
306,35.599102775000595
307,69.10730185436168
308,56.254835058759376
309,29.56383965489138
310,68.8561148322898
311,57.74964403023023
312,54.11956758823683
313,41.88068481743159
314,64.13036228450974
315,76.35292334204814
316,37.43030578714747
317,34.14357782782972
318,66.33030641014383
319,34.276830756567854
320,27.522301726852525
321,33.82295603015056
322,73.75898784489662
323,68.91317290327875
324,86.04027755416926
325,30.146550620153896
326,75.32816423630206
327,31.464271429945498
328,40.5737212272365
329,30.222159024323766
330,53.140766004232
331,79.40344476399616
332,21.43913728391056
333,67.57981202879252
334,63.22856402224702
335,60.5148999530334
336,57.731536867404174
337,30.084585571490315
338,35.288709990876924
339,50.402602712371824
340,75.93509071181882
341,75.54795581216868
342,69.33595506571815
343,64.79575804397047
344,33.45140985405737
345,32.50688148214625
346,44.844890229690186
347,39.75058010690072
348,37.05353885910479
349,24.592794471964837
350,41.37558156750064
351,31.851819600750055
352,62.50484882153206
353,25.297867052912913
354,30.472595972090573
355,32.725784835464076
356,25.073048873682374
357,29.17157062264488
358,27.32269377467258
359,71.75373071357238
360,28.1685026295929
361,25.865552610400016
362,32.311739039836645
363,59.00088122596601
364,52.54634887302665
365,53.60635398052652
366,53.993073256356254
367,31.762089501648283
368,68.50844341983381
369,41.534248307412355
370,34.35197657190684
371,28.72361551633886
372,32.347451739616304
373,67.57671703227832
374,59.686073693092915
375,34.477189962059256
376,26.433909357291718
377,60.78264650034521
378,49.16944393388592
379,72.25233038893636
380,34.33887953925401
381,29.148076352298624
382,62.57367790955718
383,66.59829152982508
384,52.35511621729282
385,63.3207061325723
386,27.4418397959803
387,35.10213558119122
388,61.37836837508347
389,32.47413926641347
390,66.66828707934039
391,67.18732942780916
392,61.187620634310456
393,38.686317143976495
394,69.31161338726895
395,64.79094632620061
396,31.65180207131604
397,27.732476572161303
398,68.57403292891473
399,32.31118028630832
400,56.64337368695833
401,66.5736848560937
402,25.650893573063314
403,65.0671563523342
404,66.04607811792063
405,54.378396819522735
406,28.939964798330003
407,62.83691066307536
408,53.28338567829285
409,32.54949721663556
410,36.035645178831366
411,41.15228039714898
412,33.385631383006015
413,32.88547316257844
414,58.432885350694754
415,41.73979372016973
416,46.25749511462201
417,37.44095825391353
418,28.413449135403283
419,52.40855687507284
420,24.100296143836154
421,39.33056768462968
422,31.81475882896372
423,61.03355523541226
424,24.667902121440925
425,52.683529668506296
426,30.642050337219196
427,35.024456819472434
428,56.996843610178935
429,33.62275323448058
430,63.79579315269774
431,32.889012524231354
432,67.29864897208202
433,68.95273396843808
434,69.02686676797686
435,58.455365980764576
436,28.59750474978486
437,66.69914531395946
438,37.838674044670654
439,51.30397327059629
440,71.80689864030259
441,28.84773845175758
442,72.21697298734375
443,59.55225244308969
444,71.18853841780309
445,71.25067355199013
446,65.57121652651396
447,40.977496988887985
448,64.86784267387229
449,74.46714178845811
450,67.00906655428919
451,72.5060323912072
452,28.14458550264272
453,61.00823654031069
454,61.04377861905219
455,34.98704164553229
456,39.56353499740266
457,59.71293357653717
458,37.69723624345544
459,58.56411049581213
460,34.69379414539868
461,35.36418944783518
462,27.971538398749416
463,52.776572953034545
464,25.371100056285762
465,38.45784878859225
466,27.67903341340157
467,69.02588773995986
468,38.70566779292142
469,77.46573096869768
470,61.280876181081155
471,69.27223383618946
472,35.06469548863277
473,32.304258774542696
474,27.970548096061272
475,64.84905107263437
476,28.177411298690743
477,70.88129100969812
478,27.53656001027837
479,60.07554423337568
480,58.675322026206786
481,38.33547734507507
482,75.56447085500044
483,35.8642866984235
484,32.01492287199284
485,45.07242155582399
486,71.24465474137243
487,36.6551436954948
488,71.95077788193247
489,25.968815950821373
490,67.88280368483142
491,35.49102173805763
492,69.57158810521278
493,31.796692701625993
494,66.82144036993768
495,35.544426061015976
496,83.52802728199248
497,66.83834655295469
498,51.515094056409545
499,28.282448317190592
500,44.642632367953475
501,39.067464626801474
502,70.38488590236737
503,27.83933352241975
504,35.847723988475884
505,54.120181255180306
506,50.97059621697791
507,72.01019312032113
508,30.884733256921074
509,74.83398701528685
510,46.43680671848037
511,48.4510669102792
512,27.4355639757934
513,84.06665150754985
514,65.25917696982442
515,39.789405868374566
516,41.40219648687498
517,38.32623665949939
518,37.92765173539848
519,41.168500430772674
520,67.5374170572161
521,75.76885806639258
522,67.05712563373858
523,27.194184735851692
524,48.42656498150178
525,67.79623517704671
526,48.49514001376714
527,58.621894649944046
528,21.406920468867128
529,38.583769558133966
530,30.01020395933576
531,24.385783551283126
532,48.66035336540978
533,58.572567931645956
534,63.34203039514437
535,32.17298169712286
536,58.77155314751682
537,72.40619308409318
538,65.72329068078888
539,73.0066682961414
540,64.17109032994138
541,33.477541114217985
542,74.4401980451887
543,48.727804362074814
544,63.182548513697874
545,79.7061688347874
546,71.36047958580261
547,51.275428795630084
548,59.27282237118994
549,58.62551669386409
550,37.227291035882914
551,34.57874281522875
552,55.88395590287213
553,31.79692114164046
554,72.26755543036842
555,54.150098910029556
556,46.24971555729182
557,36.05221356498172
558,70.33495614695721
559,41.3432258026608
560,35.13853774423169
561,66.0642407147288
562,73.53297267095816
563,64.78411920878541
564,29.494103732717782
565,73.26700562293536
566,46.397908959345955
567,42.03579467663516
568,56.794043986472005
569,34.83319082875665
570,75.95332873055676
571,30.438470183528466
572,68.59913707021101
573,57.17128890123983
574,39.06997483505098
575,37.24620213373965
576,48.42105537084223
577,26.35127289317763
578,55.239629028958404
579,28.995044167448384
580,28.591274167642
581,28.6141196059181
582,71.01275727269778
583,50.29334185808375
584,38.46516533704513
585,31.465313747106592
586,73.72045895551162
587,31.866133759048665
588,39.136756933091526
589,30.7715963716565
590,62.84159884426359
591,42.20998398641768
592,78.87870406163167
593,58.93000921667526
594,64.00138098151021
595,29.74286877072003
596,69.25585996626981
597,36.52343802980694
598,52.21499763772227
599,61.88929537163245
600,33.533401322965055
601,66.09870043522788
602,59.06982971254294
603,72.28333793721869
604,67.32287817651951
605,37.03461558930792
606,38.295027756724934
607,67.38602711743168
608,32.81148160020346
609,29.879012090738215
610,66.50392320607448
611,40.76373867292894
612,34.78392037881606
613,52.69858048232717
614,31.6458927278753
615,34.97678714704821
616,30.58094518513866
617,27.775459991927015
618,42.87474922476457
619,30.738930562014566
620,34.61242528172565
621,54.573472334617676
622,61.71949715941696
623,68.07998307471098
624,26.6780365470223
625,71.89666597576786
626,59.04101461650867
627,64.16534237893927
628,77.73648138758816
629,35.441471040435104
630,33.02057485156622
631,39.173672636516976
632,74.59186550119124
633,37.06047174754234
634,30.772482096609323
635,40.46881108487353
636,45.285596462639305
637,66.02266553781394
638,32.01810709343472
639,75.44418561531388
640,72.77596951505707
641,36.119127956567034
642,35.63968062849305
643,68.1203099617793
644,63.23433323468229
645,27.964933931252524
646,70.32325878673714
647,59.6430598520752
648,57.1853166065099
649,82.09963754072402
650,31.182536282689696
651,28.341349566964418
652,24.90607646198159
653,31.410138089893955
654,33.42418822590813
655,38.41839428378712
656,27.688534381404082
657,75.72562624310653
658,32.75885362372865
659,37.62609092066158
660,36.21994416656454
661,24.621299513184333
662,27.598183334402343
663,31.80678140601377
664,51.830497038379335
665,70.51953958313028
666,27.25004718729525
667,41.13873864630806
668,49.977181955261976
669,32.170564908203104
670,29.552914315977617
671,30.23208299915479
672,25.29281467318956
673,29.761865144408283
674,31.193523340255638
675,72.12233062551906
676,58.572792340740406
677,33.65597285073075
678,37.29944928747891
679,73.55173566192443
680,67.74351965575315
681,36.75421589910516
682,33.59684264330928
683,46.26207367659345
684,27.393071160032683
685,53.65639626660948
686,71.832610985163
687,36.43049855306484
688,74.12180404971146
689,60.52590516577254
690,35.02388220534348
691,66.39888589381422
692,63.972117216411164
693,46.81728379945061
694,25.19790668675764
695,70.87853165340604
696,58.82136065564346
697,66.32266253936987
698,70.44578241662572
699,49.420077482689486
700,57.15907727029138
701,35.16876839318589
702,27.248431748962666
703,32.99241826879832
704,29.214322337363157
705,26.27883804529923
706,40.45014248150232
707,69.08659728935963
708,55.18453645158835
709,41.666225542162685
710,64.29591606134532
711,61.45265811620418
712,32.70924386764
713,74.74059967495174
714,72.77463655409629
715,22.705579069510193
716,27.9033648216392
717,63.820964296361836
718,36.51762935308243
719,41.999302406415836
720,64.00938460779365
721,64.85553224087852
722,29.919310647318
723,29.743162998884607
724,60.425450511725344
725,35.85467957354056
726,29.498316011666844
727,48.778698980455296
728,69.27329136869342
729,31.45455795165828
730,43.67848830081721
731,51.940199203578885
732,31.231987259289355
733,36.99871832971152
734,50.935000677639735
735,27.170640326766843
736,60.35380986609359
737,48.60433061639185
738,39.08501266091979
739,27.051583343583708
740,28.616740980470993
741,68.46525678069824
742,50.433239012459644
743,49.422516740273764
744,31.618218799499665
745,56.99580750040949
746,70.20233550235079
747,57.82911408223346
748,31.90423136453841
749,42.69252225567571
750,69.61184431005015
751,50.17699705164683
752,79.75959141963578
753,54.82253227705741
754,47.4349505765112
755,54.64123257781824
756,23.944988133931695
757,72.4048107309529
758,67.93543082604093
759,60.092761587128514
760,31.47661102617309
761,38.88819969946354
762,42.989968568593945
763,43.36818616690805
764,69.17232800810535
765,68.42054109262259
766,29.68116397017389
767,83.30469461128997
768,27.910004110597406
769,49.75296622380497
770,33.09097469512205
771,72.15815570122837
772,62.9838830720373
773,25.846544522256025
774,30.243677724919678
775,41.396302496121834
776,36.363282147946464
777,30.24103824241785
778,32.36364946846585
779,34.97754634541583
780,50.43341927304726
781,55.1583942642257
782,74.17958453203171
783,71.94935008993025
784,37.13562332730632
785,28.335941286511314
786,59.86074726683925
787,68.29860737527372
788,65.00023565588262
789,42.211639033225175
790,66.91121127999045
791,30.69241216519014
792,32.05226599262585
793,34.007069021544375
794,75.28947083866983
795,34.60241969361468
796,41.668807133808365
797,31.770557227576347
798,76.15980561283585
799,63.96095987258247
800,68.24840716309382
801,42.87185228377753
802,26.03408384753577
803,56.179313283424314
804,67.38564202321776
805,65.53151326968866
806,67.78058334374914
807,60.739892715652246
808,69.8582849186182
809,53.73998405237952
810,75.60513563603837
811,59.14929530840791
812,29.51980558801263
813,75.93514400907385
814,43.946162512796874
815,73.82065332590321
816,24.515546472600796
817,57.57897608575181
818,66.90708116730335
819,33.59313012035979
820,34.40270648178636
821,56.35349121678418
822,41.10106647690558
823,61.13978633833478
824,77.37505367872915
825,86.04380204709652
826,42.41203182262356
827,32.61673767974651
828,27.531205233443778
829,33.90182120881512
830,31.31274219152273
831,64.31649663582728
832,44.37377577869146
833,55.033386738661235
834,33.231875664033176
835,63.065065577835874
836,28.7812539059436
837,33.97438099994834
838,31.894794117574364
839,57.885237172927674
840,69.62221500080588
841,65.94395829414854
842,66.66428910734184
843,49.52125602704691
844,87.2291385052529
845,48.43978803104945
846,43.00005043667268
847,29.467651238926045
848,66.10260939973261
849,41.06860653487302
850,34.1702804066966
851,60.84638143369875
852,49.901720333507676
853,29.58580029865874
854,32.72438193127332
855,28.7623327368228
856,56.69774007663349
857,26.991434977336766
858,30.401356695049095
859,66.49239258647
860,31.674359652748258
861,51.51368105650218
862,40.3165710536292
863,28.048087093596678
864,28.68077955171654
865,48.25882344921898
866,71.93540183902265
867,29.8313014284996
868,35.188701496294456
869,67.11511769638386
870,27.09408387060808
871,28.588491589287884
872,46.02881132833144
873,54.11546311542065
874,26.178641060836235
875,73.98092975391616
876,30.00613564050189
877,32.9460466823731
878,33.94893822444747
879,31.135298159100103
880,29.151262540281046
881,28.52317823973194
882,75.75572200540175
883,35.84955076507184
884,40.73479343890671
885,27.35193199432647
886,56.04996877667425
887,56.39469413842039
888,72.38214434686371
889,65.32674917862084
890,29.48479521701588
891,29.33434845310918
892,72.79447157331487
893,32.059984447333214
894,36.67793027162809
895,21.56032960870484
896,42.41056808040745
897,50.96320109401131
898,52.11560976497101
899,71.8358974557035
900,29.300283909761113
901,75.9514813619112
902,74.20507393681049
903,75.08829392620278
904,60.89810940235178
905,77.60920889522907
906,42.26383733999381
907,71.39100832931075
908,58.522239041563026
909,56.542520422599
910,41.93468560765046
911,73.2630606188983
912,78.43853316856544
913,64.42801653710939
914,31.982932006603058
915,49.98989002658718
916,60.8914671412054
917,55.624716316560104
918,26.50222224712467
919,35.91494873734557
920,23.40212310293972
921,31.844392692280543
922,50.233556364239675
923,38.17312844628864
924,67.16316179859162
925,81.43804538099855
926,63.10865282361748
927,39.19868592588094
928,49.05693093192003
929,29.10209629460433
930,34.952090735479565
931,31.015155883768422
932,28.724466602874877
933,48.88866616960929
934,32.7739955012828
935,55.03349269396091
936,67.34085815635068
937,23.854488180412993
938,60.70982408835509
939,57.44948265284049
940,58.74185979321865
941,35.543872775891494
942,36.194952133475866
943,68.55177807944963
944,29.44881777897823
945,71.5575447457237
946,32.715199977040406
947,59.534131413788884
948,42.60943450607777
949,35.70424524853413
950,29.241681181776563
951,51.41184579071641
952,55.81834337246278
953,59.95192365495007
954,37.16655613562593
955,85.31820923593962
956,67.37309382881428
957,52.84310823351317
958,42.72688270473323
959,29.991018330898427
960,33.83410931155328
961,39.93116625022227
962,26.45111820489135
963,71.46645997762609
964,53.39968195193758
965,36.8927196051025
966,32.01877914382759
967,67.72873781663934
968,28.886712336802816
969,24.807413936262584
970,64.26299921599563
971,31.90395619750702
972,30.32384266874886
973,51.981060649415994
974,37.007751251141165
975,30.89615382057955
976,68.48897327346958
977,68.17296478637165
978,65.07476027732402
979,31.507048136086965
980,57.14336120579665
981,30.570303551542104
982,65.93285822950665
983,30.00186737969819
984,53.2298322461036
985,51.549505096892844
986,29.534719183528026
987,71.30265294135171
988,27.361333737868414
989,70.4076238715686
990,32.17105487404732
991,56.53305994770094
992,34.45072777117208
993,29.11831413151235
994,70.0180870239633
995,24.105103119330487
996,48.91267020900903
997,26.432589431969546
998,77.86684153359855
999,32.199891208592355
1000,29.46710505143549
1001,68.14400726058155
1002,31.152356157333877
1003,62.443021407427956
1004,62.95198857481644
1005,24.662897327404238
1006,73.93368510060466
1007,34.74572975046373
1008,66.49194449737509
1009,29.90732403408481
1010,82.91255296558747
1011,32.043211406687895
1012,28.47586128684518
1013,78.44274657590861
1014,38.37014223772857
1015,74.01066060709122
1016,36.73498892753247
1017,44.164697553373884
1018,28.68199314650755
1019,68.91908820519828
1020,27.037230390257363
1021,37.97485082439783
1022,38.75470479113494
1023,62.27827893407204
1024,66.92013661561549
1025,27.222270688197888
1026,33.31043970299542
1027,32.01590054876103
1028,23.042365895841606
1029,30.051968209747322
1030,62.93844303226986
1031,31.999113510178262
1032,38.474085264573795
1033,31.934934588342436
1034,30.942023744089163
1035,72.68817934083509
1036,67.2114734352004
1037,66.7728243775912
1038,53.15673089063008
1039,67.59125567342856
1040,56.0828835116167
1041,26.677253289208075
1042,65.68841628597258
1043,71.36090170357711
1044,24.269506321882325
1045,64.5600242320758
1046,41.941784193857885
1047,35.742899823957735
1048,52.13169944719517
1049,28.89110565343389
1050,32.076356866146085
1051,65.61823368594973
1052,38.42774020898008
1053,56.588955983307784
1054,66.407614866497
1055,36.84041396656428
1056,31.047328479562005
1057,30.79777914428336
1058,61.69193206511846
1059,29.969454108119542
1060,60.45709056814793
1061,60.615003402978644
1062,68.19553405727581
1063,57.65921145195598
1064,37.15179395705223
1065,65.11700736895745
1066,53.45601266576456
1067,40.855880635915256
1068,32.6548248398466
1069,34.72142550847623
1070,51.63367505742138
1071,24.168783195179834
1072,45.066474976205036
1073,30.190982477101727
1074,61.08386264013499
1075,34.541958769048854
1076,71.4273663141905
1077,38.57308544998556
1078,57.34384342043593
1079,53.07917612855999
1080,31.482016614665
1081,32.24309546644497
1082,30.797230277522324
1083,69.10175714521482
1084,61.76039967622737
1085,27.24292192268137
1086,35.93392008320951
1087,62.304512550721824
1088,31.1140577093353
1089,38.690535217882704
1090,30.247691111407313
1091,72.8800015660711
1092,64.42124597333775
1093,30.200725820237622
1094,32.44612212856267
1095,68.90674541634473
1096,35.23879410805349
1097,70.09399490773431
1098,66.00416390699714
1099,75.92318687478974
1100,24.49046441052794
1101,24.381248350532424
1102,59.20647073153603
1103,27.06203349560024
1104,60.454080347882055
1105,38.092135775250924
1106,65.20925605787748
1107,60.85593837772518
1108,22.871604647780416
1109,59.63450324087169
1110,47.39874301461942
1111,40.49651815435009
1112,58.70217730378325
1113,32.54696258442063
1114,59.93982607641597
1115,57.1367248584064
1116,53.748610967339864
1117,36.36058038819131
1118,67.30128311464415
1119,33.84188069148544
1120,36.683853127994766
1121,32.51502087005316
1122,32.34262558092866
1123,35.71285944865842
1124,62.130315364364925
1125,26.290234051022452
1126,64.00164376808708
1127,59.107658636951065
1128,38.94865140242243
1129,36.56477111714693
1130,66.24487893892385
1131,79.31525594210338
1132,31.853991909587457
1133,35.330746288697426
1134,62.88968510995666
1135,44.747986285118316
1136,43.34858276558842
1137,46.72512063907966
1138,56.938378520643695
1139,36.06207730034033
1140,41.35110510352074
1141,56.34988003847374
1142,75.26513235583906
1143,27.368939325220722
1144,63.247757388051156
1145,71.5676163958803
1146,33.114773303810516
1147,52.46725893495686
1148,35.63716807946277
1149,71.72717295249952
1150,27.617500295079864
1151,39.02864504816638
1152,32.200287484520786
1153,61.416720077103506
1154,32.72723732189689
1155,30.16719995681384
1156,32.807884146586936
1157,67.5367999724295
1158,72.7400642608809
1159,69.2464964851346
1160,28.22612363938363
1161,59.8024602876888
1162,69.05678263295869
1163,28.890572118785755
1164,66.63790673351208
1165,67.29684781140466
1166,72.66523207631633
1167,63.927714972366935
1168,39.40420272570466
1169,53.916780708242136
1170,25.63208732638431
1171,69.8517796787974
1172,29.700295539352823
1173,58.16108371130626
1174,62.6303209427344
1175,56.92554693909291
1176,64.51620549230749
1177,63.33091681479294
1178,36.72783400703889
1179,28.378183550076223
1180,33.1973177075701
1181,70.20805183724164
1182,40.413277838720795
1183,28.50104670824384
1184,37.22424797784545
1185,33.9275104010058
1186,63.28642821945995
1187,54.92482233511002
1188,28.598276299317853
1189,27.860920480713723
1190,28.855505046523312
1191,45.162741238942054
1192,45.12807780022166
1193,34.24657696653275
1194,50.31485808936787
1195,36.68009294948383
1196,34.161896963671346
1197,65.19099600119279
1198,32.70735419426606
1199,56.6788350695269
1200,62.19810944256821
1201,35.385945944923186
1202,75.85552936787126
1203,58.61415832092254
1204,64.56624807694456
1205,29.81840270656386
1206,32.019360799980504
1207,53.23684594087786
1208,39.401012164644335
1209,61.49058374600555
1210,60.431184099772224
1211,49.459875202896214
1212,75.27791347990733
1213,47.03297730547201
1214,72.87950712772322
1215,60.948494167451074
1216,25.116215385926424
1217,54.87841818322128
1218,31.57030371187679
1219,59.1256450649106
1220,47.71689767331722
1221,37.61364398084911
1222,32.72042262678254
1223,36.674352956879744
1224,33.018678098236855
1225,56.54418893478488
1226,75.54315386215205
1227,61.11051436862199
1228,50.77777542086949
1229,75.09754993725801
1230,49.84768456441829
1231,28.725958556778657
1232,50.922548733478855
1233,59.22411857611941
1234,70.02355598183932
1235,39.75415556032973
1236,74.0705207507729
1237,53.76022445426815
1238,48.52600246541176
1239,32.57218455810911
1240,32.45974925985485
1241,67.44151266828791
1242,32.59825677425704
1243,34.49469659329064
1244,53.66398349568793
1245,53.85050643464988
1246,77.35043558166367
1247,44.04560693289131
1248,75.06275595606988
1249,29.34224289489314
1250,44.45067203474358
1251,29.507100334795588
1252,29.04454447084754
1253,27.676011316724185
1254,75.75102897365699
1255,60.53185048987791
1256,51.520244927549506
1257,66.7427450262948
1258,72.13917996557156
1259,71.97311771874745
1260,68.27898272678193
1261,31.523028348063846
1262,29.04488344168751
1263,77.4713054851486
1264,28.75479040251612
1265,59.76894888629068
1266,31.437576113737208
1267,64.42869337443494
1268,27.49721017788186
1269,71.30627890172393
1270,49.860561068549046
1271,37.074863878451964
1272,38.033015769735684
1273,36.5975827126209
1274,71.89101922274388
1275,64.65648319466713
1276,62.38578682473096
1277,32.52721540033053
1278,57.98270003532547
1279,26.67932381094505
1280,72.87496014226569
1281,60.670788831059504
1282,58.006477389646705
1283,33.88999037743122
1284,67.81608798284157
1285,69.86260629390848
1286,49.47867996105437
1287,40.292617571270846
1288,50.49638404077751
1289,63.28115900045175
1290,30.50635926451293
1291,71.23892262209175
1292,56.50119690511047
1293,30.718228185598086
1294,48.85263346407732
1295,63.51731468136104
1296,31.57312049067496
1297,34.91916441770664
1298,37.03946262083129
1299,51.64921296744105
1300,51.94788673992373
1301,74.20707283471812
1302,63.64077940791769
1303,64.91007466277802
1304,69.27174450488938
1305,52.20544234418925
1306,64.76787216951979
1307,26.390706316677537
1308,55.3291937517165
1309,33.91501409306213
1310,54.61117213894084
1311,63.455700832329875
1312,68.65481693232185
1313,33.16070637357249
1314,28.58943306953767
1315,30.243456449855117
1316,32.00982956287466
1317,61.785521424587856
1318,30.81863750664663
1319,35.16483761964432
1320,42.376592557076286
1321,31.63007402649027
1322,72.73748745474555
1323,74.14061919060485
1324,37.49154342734747
1325,64.74340953892607
1326,44.52098913999646
1327,27.0249466111989
1328,77.81663048583319
1329,37.60836977944889
1330,69.764014725248
1331,53.285972232959985
1332,23.871072077233656
1333,47.13224291950471
1334,73.33242105284332
1335,70.44492055688958
1336,74.04446507194595
1337,28.948346859450858
1338,52.89720966818716
1339,58.75539132492152
1340,28.297731122931275
1341,31.31052503293997
1342,30.732035385282607
1343,29.312479883995024
1344,27.134410382076275
1345,32.35292876074012
1346,57.73323168132084
1347,29.19705592253738
1348,68.09700463260727
1349,67.3207462149717
1350,36.11477049846446
1351,60.17969107983703
1352,27.690866969796538
1353,74.52480911640247
1354,73.88403161538294
1355,48.23031086730518
1356,68.96002307900582
1357,30.3511923741584
1358,28.031328193055863
1359,35.77464122695099
1360,54.45099602509809
1361,67.26830423967037
1362,35.67675791420341
1363,30.364744419475365
1364,27.91212324502036
1365,35.587901927983665
1366,44.190841269712
1367,33.74742686983371
1368,62.1971414109055
1369,48.1915572322303
1370,38.1823026272103
1371,30.019237439862906
1372,29.47661665314287
1373,75.07255658912503
1374,28.597332879707302
1375,26.212569602785265
1376,75.945474517907
1377,32.66703058981846
1378,61.68790050780551
1379,28.13870557847107
1380,32.98881837057973
1381,35.02796527287214
1382,32.67216007600545
1383,29.772859251777263
1384,65.27647438638395
1385,72.95964341767089
1386,68.64361524322351
1387,37.256407230993844
1388,30.05426166883767
1389,35.70684373132898
1390,74.58894303063069
1391,32.726553022390824
1392,72.21073391813935
1393,56.91628851605946
1394,36.917436057433456
1395,61.30876877742802
1396,35.35726676670503
1397,30.812494260120374
1398,59.74196941736169
1399,46.30634762278302
1400,25.27653403013558
1401,51.096648083067954
1402,27.82564309835113
1403,27.33606887287035
1404,50.55594972100109
1405,74.31611021640295
1406,35.4377202298402
1407,36.03247742657462
1408,42.761743032035255
1409,57.530862921397926
1410,30.865644638141987
1411,34.52018066857238
1412,68.01002861281006
1413,48.117110317130916
1414,63.91200240688171
1415,75.77184233649554
1416,70.69655630715322
1417,28.885856005929504
1418,64.16905747360612
1419,75.17444210385747
1420,63.58465679308333
1421,71.7503796828512
1422,70.96665389671543
1423,41.06603754273637
1424,47.3334249829353
1425,32.94341495954556
1426,33.83352675014573
1427,60.27574051721515
1428,67.26353556407835
1429,33.11010019228846
1430,77.93735133982965
1431,27.019063447735313
1432,23.973869271350125
1433,66.64762644352831
1434,61.8905640645566
1435,57.44912985539157
1436,33.99875572220536
1437,29.790501270245144
1438,76.56914525094469
1439,70.0974137317806
1440,72.16475117465416
1441,31.93955707823779
1442,39.4477656399834
1443,26.783413431829807
1444,36.513421040958804
1445,31.224707129103784
1446,31.506008883454207
1447,77.19831649206121
1448,66.07444029042736
1449,46.7815624144558
1450,56.72971347772907
1451,36.13684714596693
1452,31.81561708780174
1453,71.97887435865728
1454,41.77450334376647
1455,68.04658851607128
1456,67.71241504871385
1457,76.28525492376299
1458,40.8209423604335
1459,62.408770913893214
1460,33.71366942340276
1461,62.91309748083729
1462,65.20509764901382
1463,30.404328492637347
1464,51.47393589301214
1465,51.62435275175422
1466,39.62200120097784
1467,33.62057712749805
1468,39.5680916076844
1469,38.41357151195163
1470,39.33925559890856
1471,36.95319590925492
1472,28.399978827736597
1473,66.79128963185279
1474,37.85297671167071
1475,51.86138190215339
1476,54.43165330522908
1477,43.038327401841784
1478,66.8114336451283
1479,48.209110738736214
1480,35.92164078763288
1481,42.094318727648876
1482,26.915629325425733
1483,48.1845937020094
1484,36.877914922971684
1485,50.83896195574499
1486,62.34867042540522
1487,28.674643789969174
1488,32.23948315823464
1489,29.95107276821585
1490,28.331389215772134
1491,47.44760722507133
1492,49.48848028474417
1493,73.17383923065424
1494,56.728999390677465
1495,60.85201633713164
1496,63.60604822996183
1497,25.334778412916407
1498,63.30496209530147
1499,60.47705204583788
1500,73.25534691008691
1501,51.29628730599959
1502,62.91904643153345
1503,43.596181626688924
1504,66.14780723793453
1505,30.00695936542764
1506,76.5503608713272
1507,32.42735689680581
1508,40.46270637822425
1509,38.04031361493485
1510,51.74008918824301
1511,70.85286133097462
1512,61.10566791178226
1513,31.805635176436738
1514,35.03045036180875
1515,64.4936097630696
1516,74.95837753313867
1517,31.056697588123782
1518,75.45509979915445
1519,33.77233762989706
1520,36.03659418496893
1521,48.585976621803276
1522,57.09534347244419
1523,35.84506294612164
1524,30.829490406091338
1525,28.835283379670628
1526,43.98001024259881
1527,30.38125730206899
1528,28.176327325088387
1529,26.720156599543138
1530,71.79687691498818
1531,62.69948203182521
1532,69.98714397670199
1533,38.36343567129703
1534,68.25163490579135
1535,48.045894046864724
1536,57.17761776533702
1537,41.8982826141083
1538,30.02393737981972
1539,52.08155579790435
1540,71.09175736133626
1541,51.31706106696293
1542,79.16057850319993
1543,72.30890559461214
1544,56.3928917659884
1545,48.25969336214983
1546,41.4457650078886
1547,69.48061242847339
1548,66.53630252008922
1549,39.867218756744904
1550,24.570034582836364
1551,27.47711560742092
1552,59.624153962271784
1553,59.35464494219491
1554,64.62163385123712
1555,35.70983293767195
1556,32.708288382904186
1557,31.723327061953178
1558,68.8547826536331
1559,60.49350704868338
1560,63.03538438307612
1561,42.63801192584349
1562,68.32851479058911
1563,37.45395851075095
1564,62.16095222495913
1565,31.67322888111218
1566,32.96000131739753
1567,64.96911349176581
1568,36.818349365101305
1569,31.157386123204887
1570,28.125115768785356
1571,31.26439262929282
1572,50.86731091850852
1573,32.022420651658294
1574,72.81309066512823
1575,69.50760579365351
1576,63.18417461970445
1577,30.59425864493854
1578,66.73686169599465
1579,53.374773558038804
1580,70.04952135041326
1581,31.362034029852232
1582,57.55129378897124
1583,56.94340390714622
1584,49.83741453409059
1585,74.88602857340634
1586,32.421055962481084
1587,31.63714250172533
1588,31.658677574344985
1589,39.89719846747525
1590,67.75694663546747
1591,37.27187405174149
1592,27.3529327633971
1593,74.8960561658059
1594,67.25909263698686
1595,49.087201377900136
1596,33.32185029375227
1597,60.852614675132834
1598,60.5747140919253
1599,28.914188592705372
1600,32.75216198064636
1601,71.4118271191715
1602,24.213142483172163
1603,58.01581993728912
1604,42.50242165903685
1605,35.245709287039794
1606,58.7149815782576
1607,71.46017457847574
1608,51.73371877231512
1609,38.8288171755087
1610,63.264737733012424
1611,37.290427087663666
1612,39.287196491215674
1613,28.713264782084572
1614,42.53193843415942
1615,75.81169945835322
1616,33.81010522604549
1617,58.1764872247838
1618,59.22845260529721
1619,33.59779730742609
1620,26.76686509129715
1621,53.68335558260609
1622,62.25206696128181
1623,63.018400007317126
1624,70.04788649684511
1625,73.76416611790094
1626,35.51098789848127
1627,45.38814948378314
1628,26.109800794843892
1629,24.034004776017348
1630,38.64840788725204
1631,64.45039246102884
1632,74.30862402437364
1633,33.550673812622335
1634,49.18927545029206
1635,35.69214359016723
1636,33.9090710363532
1637,50.15372921910362
1638,36.625709602168996
1639,32.296379504524126
1640,51.92764730412519
1641,41.47045820870203
1642,47.99763492109298
1643,60.11205054795695
1644,41.06370211178286
1645,58.2617588473614
1646,63.11884083315362
1647,75.4537591328474
1648,23.45237089542043
1649,65.45905229344312
1650,29.438193215260945
1651,40.39243908906324
1652,50.23331240185858
1653,73.07989808627613
1654,35.44604612992903
1655,58.28397428023173
1656,48.01902146234206
1657,62.78144513424995
1658,74.002010966671
1659,58.40293821892023
1660,59.3148197574194
1661,29.642616043500823
1662,70.20547684170342
1663,30.686131624261165
1664,74.78321477844672
1665,29.124766825418554
1666,54.217416243090206
1667,53.83300067241266
1668,64.25193492093987
1669,34.39233391267399
1670,38.20071001388076
1671,54.62526504229514
1672,72.1101290039028
1673,37.17876032466916
1674,50.61173782067023
1675,69.06325340191735
1676,72.3084903138035
1677,63.973399437151706
1678,63.61005278378808
1679,32.343101623058445
1680,32.50474058107586
1681,68.19395207892987
1682,58.695600724079
1683,71.13165801501327
1684,65.82847795024887
1685,34.291151955099735
1686,57.73163600077527
1687,26.979390167877362
1688,73.28136689899857
1689,60.3779322223513
1690,55.41508343049158
1691,67.39968336718185
1692,46.74107974936508
1693,42.66741100546331
1694,69.17204207426956
1695,32.04137896511019
1696,53.22097673448311
1697,31.660183758999295
1698,71.61530636666807
1699,64.76845800268495
1700,30.24414830772143
1701,59.913416669858606
1702,24.422946709899875
1703,30.49652794478412
1704,27.7485988065324
1705,38.51242340878159
1706,70.3417342795318
1707,67.18724436038568
1708,26.64830803503343
1709,66.06423495476925
1710,62.54880622637767
1711,72.46585358042881
1712,37.95589291546812
1713,31.215085530933926
1714,55.68942211742164
1715,36.36823192102711
1716,60.863293264309476
1717,33.497326520333495
1718,59.73684098650694
1719,33.40535979534341
1720,51.57934366653777
1721,27.166662447902148
1722,29.959237966411607
1723,42.633002435981204
1724,37.97423979599876
1725,75.64073670605342
1726,77.16103774678
1727,37.735371761718156
1728,58.14844963465708
1729,76.90868905879391
1730,52.77501402466926
1731,28.460873675914968
1732,42.0852298621196
1733,69.34756300936908
1734,37.72828116881118
1735,45.676877116654644
1736,29.78170331146024
1737,58.14550226751402
1738,28.125030863384588
1739,52.570630472352626
1740,36.210048706832616
1741,36.39129483352837
1742,31.86555210551726
1743,31.62876718962822
1744,83.20273075265959
1745,61.98873057227789
1746,50.52404575302602
1747,68.71437817051122
1748,75.97332441734878
1749,25.917557703631694
1750,54.794361960044064
1751,38.063205258348866
1752,34.55862159096135
1753,59.37730301543712
1754,72.49517702718629
1755,69.79376539689389
1756,48.10765920630495
1757,26.297650353934287
1758,29.89421263430171
1759,73.16785837925666
1760,32.72795368394177
1761,28.3417696917195
1762,60.95934472591315
1763,67.65284923741892
1764,51.408867041343804
1765,33.512776862087854
1766,66.90469309977472
1767,28.88273759311138
1768,71.56723752754209
1769,67.61911843544378
1770,65.96313544996846
1771,34.38820298393404
1772,74.4614653719357
1773,30.66158509829981
1774,24.881279909694953
1775,33.53888370882037
1776,28.287703401076442
1777,28.705450268772935
1778,32.3391999323863
1779,50.36025700061201
1780,38.409557681870844
1781,32.91820438334893
1782,69.23674682252319
1783,27.079737223592495
1784,68.04607200247388
1785,58.304920766568266
1786,34.361899513430615
1787,59.54958256970863
1788,70.411187118535
1789,35.63246737010009
1790,39.5294066648947
1791,53.81686525944788
1792,36.10366714275689
1793,32.61472361803921
1794,60.31515129549102
1795,59.175637888534354
1796,71.6687581263086
1797,32.86007172115261
1798,66.41981111235862
1799,33.82161250717128
1800,28.589162840774456
1801,46.44712499780139
1802,56.40934644867511
1803,34.900012525436395
1804,33.07399361042685
1805,64.44069269583143
1806,28.486003056630203
1807,29.904746331192918
1808,51.77804580604137
1809,80.98636556442005
1810,54.205898689694145
1811,30.152917013923954
1812,55.40738454434097
1813,56.915052296272385
1814,41.169978798846834
1815,25.41152291212704
1816,59.45440418710042
1817,36.43355179316497
1818,31.48449516922784
1819,30.17975385759349
1820,66.55636649408476
1821,64.48684723919365
1822,69.60955249034474
1823,37.01593804709635
1824,30.41323110508513
1825,33.53324166176
1826,29.672694151863645
1827,25.867067463689864
1828,39.11595382293714
1829,65.87625919830444
1830,26.74940164051609
1831,30.888239891898962
1832,40.48392913361527
1833,37.0790478996173
1834,69.42757414690269
1835,36.02529307151701
1836,35.54989409044382
1837,72.42996430505383
1838,60.83490688079931
1839,52.15568636652348
1840,29.09785955271635
1841,30.96348789474458
1842,38.41156217467796
1843,35.60041356538187
1844,53.17537791267934
1845,60.56029464055347
1846,32.76363377944659
1847,57.39543364036393
1848,65.40829112573078
1849,59.50750624132702
1850,33.29994622800486
1851,70.66540660835798
1852,76.67703999378749
1853,30.30158974862124
1854,58.51510684810714
1855,38.650060947211465
1856,71.6470348418996
1857,32.38521116441856
1858,48.79929449657374
1859,62.33952221641799
1860,31.490712731831735
1861,67.1259541285918
1862,55.17297862616334
1863,48.562774220652564
1864,57.3175909327536
1865,66.19684513029128
1866,69.12359415019505
1867,67.50542381200734
1868,63.882814386824954
1869,32.63848239126872
1870,70.5828807945002
1871,27.17424871074782
1872,47.40667769011316
1873,75.15507917878587
1874,31.500338244128613
1875,34.442843083912756
1876,53.11579125728237
1877,33.49050247905243
1878,36.09979185475391
1879,54.6282126578633
1880,74.12461036310117
1881,48.54539871260961
1882,28.647709526558188
1883,35.57501854566347
1884,61.023913212131234
1885,54.172480646103566
1886,46.83999531360959
1887,28.383034645435615
1888,31.74501401220938
1889,32.94623620084967
1890,64.9054842754782
1891,65.18195187217088
1892,73.76947890569792
1893,33.53485074896425
1894,60.387233765432
1895,27.336181586614096
1896,75.23150964453835
1897,34.15016582528491
1898,29.007597077407688
1899,31.035768800925396
1900,32.938181986189484
1901,32.59058218965159
1902,44.512300651944514
1903,74.06148841095785
1904,26.48392299499004
1905,35.65308949747214
1906,36.72067575368789
1907,46.43014583364655
1908,42.146199188654265
1909,31.24432314812131
1910,63.55351063067521
1911,58.973772389030984
1912,52.28583176979124
1913,64.12143823540654
1914,34.34954572571022
1915,74.89364828009354
1916,63.34204397384886
1917,43.58053046611908
1918,34.17986918741769
1919,31.0322272999994
1920,66.57374085727841
1921,78.8879335767766
1922,61.26836354273615
1923,25.50217494788653
1924,53.20902814054082
1925,59.06367018755314
1926,70.60792118471792
1927,30.026449240425556
1928,56.9455865667654
1929,33.757434173475694
1930,38.43163212429879
1931,43.814423788677566
1932,34.95167230986239
1933,29.332320119287125
1934,27.84533402563762
1935,30.902195988294203
1936,74.38479499619213
1937,27.43642645054014
1938,57.31353287302083
1939,60.29692519501753
1940,75.39692668105569
1941,71.91350019900638
1942,36.003459663292865
1943,28.076551754581075
1944,34.71987142733259
1945,29.873416743785974
1946,30.579437034814553
1947,42.30876157713254
1948,55.6305022339166
1949,67.35224120648557
1950,29.953637762319126
1951,39.82584427459441
1952,21.331813148814284
1953,42.80651981376828
1954,69.04009807886968
1955,32.03651553629712
1956,49.158202055409376
1957,85.90454695824488
1958,33.60813666621158
1959,36.97720016075808
1960,31.904305940091298
1961,30.968591897192404
1962,63.93335628538915
1963,69.84630239925104
1964,24.715723907310533
1965,70.21041576033423
1966,29.91539284495083
1967,37.44355239653208
1968,34.32566189182258
1969,25.360772230340643
1970,33.60988330746545
1971,42.13203948748037
1972,62.23202472920044
1973,36.19802893962204
1974,56.13728495634359
1975,63.06252798156446
1976,30.943333259472446
1977,27.176128573447926
1978,58.83641011645665
1979,68.81237244331848
1980,57.240175131460305
1981,19.531838929734114
1982,66.45652311859332
1983,30.602645084016203
1984,33.80042390735307
1985,32.40445688063553
1986,51.51230499085342
1987,26.73256259521917
1988,31.155270887909694
1989,54.04814136573319
1990,53.8456158538194
1991,47.77981957739533
1992,31.6227772978771
1993,45.45209213631548
1994,54.08401834391947
1995,54.32718187910978
1996,74.90086024357682
1997,67.16692589838897
1998,29.435708149527088
1999,53.35102174032258
2000,55.66502688826027
2001,33.41792541334835
2002,64.3291864508629
2003,63.58737880784918
2004,39.80656763760265
2005,56.31111026157437
2006,76.41542628034779
2007,39.691837197860956
2008,40.11206536204425
2009,54.96959106407836
2010,29.39655315273565
2011,36.41135525179762
2012,35.41571662294001
2013,69.02064391385301
2014,52.237953060326895
2015,62.91684800134978
2016,73.06389031403218
2017,30.06462509478269
2018,65.76122813780142
2019,48.672560370164824
2020,29.533951133704754
2021,76.87529187827855
2022,66.55805253003969
2023,39.608416747939785
2024,67.78576469001345
2025,72.67225714870142
2026,32.32477601389959
2027,27.445548139827217
2028,31.216535811064624
2029,25.398643320435923
2030,47.299337712250335
2031,38.47248255275763
2032,66.23085400307463
2033,50.59888298403538
2034,57.278750277101565
2035,49.64439759182172
2036,31.16240820357126
2037,59.4942801421052
2038,43.46475344347386
2039,70.36967401785957
2040,64.42201837396158
2041,37.74173729376734
2042,66.15645179223684
2043,73.7644937972307
2044,29.433498040001098
2045,34.70413757690925
2046,81.6830231439025
2047,35.36365752186034
2048,37.425516733637075
2049,73.56441948109264
2050,36.09363073292791
2051,39.27502172890048
2052,32.955811103007214
2053,36.01045283422063
2054,73.79343915283236
2055,54.15422306323158
2056,67.80656891670017
2057,40.38256454542591
2058,28.43672410984783
2059,55.58625825111769
2060,58.39953319069081
2061,41.26204169986206
2062,71.91248817621825
2063,70.94555539448741
2064,65.2172254216252
2065,71.03311123154884
2066,66.959338192016
2067,63.13356963165021
2068,28.178618036951455
2069,34.4314140528665
2070,74.9503033190152
2071,52.61477524591238
2072,64.58856310367739
2073,31.932924641057888
2074,71.79268190223944
2075,54.35111064696881
2076,33.90459907178194
2077,34.960021296953286
2078,74.37689058442359
2079,37.006727859363686
2080,71.34932621286227
2081,49.342732394750435
2082,32.43841586341809
2083,34.563587836897355
2084,62.375212378797706
2085,44.7198141093408
2086,68.77546253445865
2087,27.269266430281846
2088,58.13333888371533
2089,62.49714894908435
2090,61.1048018038964
2091,32.03220967995412
2092,53.34615054871895
2093,27.858569715787766
2094,28.17420519720227
2095,28.00782957988922
2096,79.69629858202306
2097,30.84892648555278
2098,28.841037323362194
2099,29.790270682540218
2100,31.22329884221606
2101,55.777355748896824
2102,34.26633534903365
2103,34.90170141830047
2104,66.70005087446704
2105,37.40408820297411
2106,65.17639819964053
2107,35.55746977206248
2108,44.67078003338283
2109,65.15479595084506
2110,38.31603984363897
2111,30.84595011015483
2112,30.900489724737703
2113,73.27381619162028
2114,57.321700875662266
2115,27.212254475899464
2116,54.08076702396622
2117,61.01993139117053
2118,68.91818879187467
2119,32.80596142500195
2120,39.85605177269997
2121,32.03997932088516
2122,31.508070163594148
2123,38.73909820429616
2124,62.3894682536669
2125,35.41516248536219
2126,30.919789146750112
2127,62.43356599097623
2128,34.57794469582272
2129,70.10474244247648
2130,46.23089855565913
2131,48.78097188216167
2132,31.95249849376892
2133,68.36190835514192
2134,28.32478815254356
2135,33.36913013607449
2136,50.839477522548975
2137,58.70366896059039
2138,67.15349472828356
2139,77.52567291168972
2140,29.82582764725646
2141,34.329479501715866
2142,31.778237730162594
2143,43.98076012184011
2144,60.929982734648796
2145,33.4856910081599
2146,70.84271137011109
2147,34.99937881571557
2148,60.63401366918887
2149,65.37648566769593
2150,50.55577441634362
2151,58.032876593509016
2152,48.293816558102
2153,77.88307483937352
2154,82.81057570526673
2155,54.132174660951335
2156,57.80344580054731
2157,58.64497552330544
2158,77.3242556307063
2159,71.86565965930266
2160,32.47868509011509
2161,32.354376510575115
2162,32.97087997625435
2163,73.73585831055819
2164,46.091154539329125
2165,45.96173183380313
2166,34.78849644403015
2167,36.537592804908925
2168,38.69064942068788
2169,34.25579196198515
2170,27.882750704745938
2171,69.08876781019598
2172,54.51556446674057
2173,33.42529789572841
2174,52.013448135117514
2175,56.405651616865164
2176,72.21249767978415
2177,55.140319506705296
2178,56.65888043562287
2179,28.65255283537855
2180,27.048392699860116
2181,53.88867610651412
2182,39.96095277820228
2183,35.22845672002779
2184,70.98518445150182
2185,37.10079292433178
2186,30.597598602238733
2187,60.13688470424172
2188,44.73845109818423
2189,26.715651229970263
2190,68.96780646054538
2191,65.30332178780021
2192,29.663220392644902
2193,64.20974525231094
2194,52.8138316860889
2195,52.98379311728958
2196,59.384879967767176
2197,38.22360933128305
2198,27.80305852947368
2199,67.25904511522228
2200,29.962781154202467
2201,30.621519938682752
2202,69.29231843239099
2203,70.79779786665758
2204,27.095474450490443
2205,38.55186910227243
2206,30.950810825131043
2207,25.355611621116196
2208,77.95348361123891
2209,33.88132472296475
2210,65.42270340167549
2211,68.59342420022776
2212,33.95372705545435
2213,33.437226753441735
2214,39.55334435898136
2215,39.35211243449499
2216,32.25608320623181
2217,58.44485897456444
2218,68.85786745391488
2219,29.060348420557197
2220,78.20894921887424
2221,32.705676372512016
2222,28.37915585253495
2223,25.182726745555712
2224,71.38347459380874
2225,36.614829816131646
2226,25.72700147024353
2227,46.777075578416365
2228,30.72926339123211
2229,25.900222888484812
2230,73.02197481771213
2231,68.08594779101539
2232,67.91137233631437
2233,28.771052596303726
2234,54.26596521014925
2235,51.0094658412965
2236,59.378930972277075
2237,55.451833839097425
2238,43.683136874184186
2239,37.46872183831269
2240,55.294585805754
2241,64.02276977569925
2242,29.591015949580097
2243,58.06799206265439
2244,72.86340226690568
2245,64.30483146477101
2246,45.826934256092635
2247,50.67126024957075
2248,27.51044925044107
2249,69.33498554991826
2250,26.676904032186926
2251,30.026959776343553
2252,33.19387498238604
2253,30.841237098905673
2254,67.15443605263349
2255,65.62520378240164
2256,33.15850044452392
2257,30.598658451295513
2258,39.39236519704402
2259,47.58708749292787
2260,51.566641052122165
2261,45.3869310079559
2262,64.65649238947773
2263,56.44072295766361
2264,34.07140885650655
2265,63.58919342252941
2266,61.878544227915995
2267,28.48354355761434
2268,29.145308709210745
2269,37.29485059893348
2270,33.930723259800516
2271,66.07323512690787
2272,39.03347453769179
2273,29.363643602107302
2274,30.974055185819388
2275,44.997013598307596
2276,43.12215313253418
2277,33.05702767742
2278,43.44367486292394
2279,58.52758183918493
2280,67.59793701382394
2281,38.53995022509473
2282,47.94417515891559
2283,33.21113109754151
2284,30.108602712675015
2285,37.55997117110815
2286,51.3422628092525
2287,27.423699206847814
2288,76.0245236590361
2289,66.22317101250377
2290,22.49124580079208
2291,70.16845047345655
2292,34.7125876833741
2293,42.84492327037036
2294,64.99113703910903
2295,38.67191269560517
2296,31.154541930302315
2297,28.05505621374318
2298,33.83456068665699
2299,32.19552146246306
2300,67.50622988050392
2301,70.6023766324646
2302,74.76737970294519
2303,49.25289323253161
2304,32.36988856934896
2305,53.503120471040454
2306,35.18814365765298
2307,23.100072491264548
2308,30.780258209311377
2309,30.790053810732175
2310,29.080412553398943
2311,59.20015760239104
2312,46.28315312652183
2313,33.73639114417234
2314,52.12076238928665
2315,68.73633907120646
2316,49.77284880611216
2317,32.19623828865775
2318,68.24743602905355
2319,63.76890976537023
2320,46.56176570352736
2321,33.89777489624257
2322,40.30585192499871
2323,65.73470719278639
2324,49.848486425535064
2325,38.789633767040854
2326,28.350293648677564
2327,27.332643101767992
2328,71.8153469310651
2329,67.9383496986645
2330,63.33820894991708
2331,34.65389125128643
2332,33.64496020788915
2333,79.69539596056512
2334,40.57264631143418
2335,26.199217162095515
2336,40.05092823654738
2337,29.508005172175494
2338,25.437424951794497
2339,71.52765144021654
2340,30.10486338957604
2341,44.09842030394225
2342,69.30919490218926
2343,44.99883838165614
2344,59.36695856037939
2345,43.46247409962097
2346,46.6718355433689
2347,27.609976733481446
2348,28.176469146690664
2349,66.79253260637836
2350,33.189673914652424
2351,74.2827758929989
2352,32.95890495890407
2353,27.543581617067467
2354,34.53160682597381
2355,75.84002711079458
2356,58.49901213544184
2357,33.29224596753735
2358,64.62868368207728
2359,27.057942837413
2360,26.242048481538333
2361,28.675130759620025
2362,65.74389617482252
2363,27.597299214119424
2364,27.578419439705037
2365,23.6072647612107
2366,68.82046908114275
2367,47.646250829482646
2368,78.08639867151363
2369,34.24176803080796
2370,67.7413671367948
2371,41.98727933499459
2372,28.950644284316823
2373,73.87277433296464
2374,71.19169133820098
2375,39.51696317664978
2376,25.720208807119157
2377,30.021238342215355
2378,49.82597269581562
2379,76.17233328771823
2380,71.14817085819986
2381,25.38804198397697
2382,33.187148518472576
2383,46.73529007655477
2384,40.66435036685396
2385,68.65174712724117
2386,75.30574954172775
2387,33.221696341507986
2388,37.75690601378196
2389,36.585314078107054
2390,36.25708764871475
2391,62.48266435056785
2392,70.70869463463211
2393,53.84391377280391
2394,62.05728489289184
2395,57.922108347999014
2396,53.36720865496199
2397,28.881825152336432
2398,32.99332245041499
2399,53.06081795730511
2400,26.49757005719251
2401,31.997640909146916
2402,63.262880030002734
2403,63.389029129060816
2404,58.325612997733536
2405,59.765351751064856
2406,31.825465092384725
2407,68.9651294366235
2408,60.5248761748945
2409,36.87610923785335
2410,67.93635589461117
2411,66.0588664560346
2412,27.754870228422476
2413,28.54237887751846
2414,49.819264561342244
2415,31.41698454933681
2416,49.694437987897565
2417,25.608113925243885
2418,68.24430892491131
2419,57.26621987507569
2420,58.88335032750112
2421,76.35614237056414
2422,33.440824275476416
2423,68.85768845750499
2424,64.9087691946193
2425,66.77140242899068
2426,51.92712754074372
2427,49.19174575079603
2428,59.74007152173308
2429,52.10646999171027
2430,40.85361909421051
2431,92.5176716631891
2432,81.17978970450311
2433,32.671710595800654
2434,31.245396209357878
2435,44.85162085843793
2436,59.25889685708166
2437,24.58129298722364
2438,68.06428481842815
2439,63.428556279577734
2440,23.607984380032242
2441,56.24926926876407
2442,34.44292965768671
2443,38.251263059524774
2444,42.739731604191746
2445,31.16487480343418
2446,71.81063222070287
2447,69.18753543359475
2448,51.633051476573044
2449,66.93053028624261
2450,28.9990318400434
2451,31.010840318290214
2452,72.99503154449349
2453,23.409591621691867
2454,50.9541615153123
2455,26.77604240907712
2456,55.0131716074437
2457,37.0142496061268
2458,59.54937551712315
2459,50.68223386448044
2460,40.95406641834255
2461,73.05125950248147
2462,47.66972026538243
2463,55.584490507793916
2464,38.48653319167031
2465,34.53988468654511
2466,69.17172939248753
2467,30.958242528248
2468,58.680482768638974
2469,73.45045184362884
2470,78.22053000046495
2471,62.31647334731448
2472,26.214527222648265
2473,27.39613551856406
2474,29.44678868147473
2475,62.49155967281956
2476,28.59019097147852
2477,65.70844453857146
2478,70.3176171514689
2479,30.983180074007045
2480,21.05138343640177
2481,75.03391346356908
2482,30.751321371294424
2483,31.47639343427695
2484,32.11803770499107
2485,27.832141256341757
2486,72.49261010500238
2487,46.84976211856803
2488,74.1137356749044
2489,31.84015405972177
2490,28.758008813175138
2491,41.10113561122286
2492,40.47517513365538
2493,65.93613239782496
2494,59.089026350133224
2495,58.07885322288097
2496,43.383492049755844
2497,77.28698690861063
2498,53.81610728658844
2499,29.184492859184438
2500,54.06021927956903
2501,39.58762053203615
2502,30.578071898276605
2503,42.7928927860214
2504,67.3572234130008
2505,73.09632729513808
2506,70.87055157863279
2507,28.512164527615305
2508,47.81839440910704
2509,58.923814564432355
2510,66.51821888735402
2511,23.686253668348442
2512,53.310120925608246
2513,30.49408915197988
2514,31.653168067447858
2515,28.448385067391293
2516,71.7681012404967
2517,58.325219965694735
2518,73.21989100445204
2519,57.34328080175383
2520,42.06601843189955
2521,32.712801629466504
2522,33.325619445723014
2523,32.388320122153466
2524,69.3287730630586
2525,32.62618486132053
2526,26.68161824278041
2527,28.379370288621203
2528,67.33470019132056
2529,39.713665179495806
2530,58.33579129754414
2531,65.00391375618405
2532,35.736603628687554
2533,71.61696014528323
2534,31.332464839168672
2535,33.547069238610014
2536,32.00563256312417
2537,29.71263386927553
2538,30.96990776043242
2539,29.745415728211007
2540,29.34206639097946
2541,37.54518930531601
2542,25.14834132536396
2543,24.314610763301694
2544,29.321617778483535
2545,67.71802515420494
2546,28.19869005026625
2547,71.93949368321361
2548,58.217114704553516
2549,31.983917103342925
2550,51.60804299514521
2551,36.30418723816759
2552,37.45271245508324
2553,28.67255559708208
2554,33.72058877844937
2555,85.9558043023741
2556,53.90912220183332
2557,73.34094267697455
2558,69.80778601519603
2559,61.23856981831832
2560,65.18153155107987
2561,37.00659407890979
2562,48.76282872169404
2563,72.31948190714405
2564,25.044333200394227
2565,60.84838847112493
2566,38.72142596872879
2567,30.471198224046958
2568,30.232254955344338
2569,31.35333956364159
2570,29.186468679530847
2571,48.30663171931093
2572,72.83317865289808
2573,60.87520705133187
2574,67.0706584347144
2575,61.088904301918355
2576,34.37467310678325
2577,68.64256480294347
2578,61.974424524228745
2579,26.140275870895074
2580,34.993437665640116
2581,31.45992876467887
2582,24.511196686824306
2583,61.9180202140097
2584,77.12462114113393
2585,43.98576196130459
2586,63.47810205949562
2587,76.88862365105409
2588,63.73771120241679
2589,58.26208329608426
2590,25.133680912670492
2591,64.44022597020304
2592,29.598691554553128
2593,69.29609160680413
2594,65.28014045365614
2595,72.24737808405858
2596,59.37067524600908
2597,59.99922719386649
2598,43.392082192116604
2599,28.804078118858314
2600,38.37584008883153
2601,29.77043469484937
2602,25.368599637667202
2603,65.63923847843184
2604,34.1016363009306
2605,30.486427293882763
2606,64.83551587054029
2607,72.32080875189925
2608,53.88427470265267
2609,64.43006226486867
2610,38.74042945045568
2611,62.04768205156791
2612,75.5581337526569
2613,34.7073639485086
2614,52.233661070412694
2615,25.499922724007433
2616,31.194197926731817
2617,21.52122126375729
2618,70.08421903494661
2619,54.90213892692014
2620,58.691300449666706
2621,67.66647953747479
2622,69.253399991851
2623,65.2235278264332
2624,54.2925558323789
2625,32.52596287098351
2626,33.64470505535109
2627,30.899224344031417
2628,72.63912705035648
2629,33.71363374035667
2630,36.266499896305156
2631,28.656142780181575
2632,74.14571985381114
2633,30.645838253727966
2634,56.09310645820486
2635,63.956520652065414
2636,58.78346801519677
2637,61.17551001533801
2638,29.52550724148673
2639,32.43206554457079
2640,59.30695375892236
2641,28.168078504481876
2642,36.575253488991216
2643,41.641417133647174
2644,67.38126660585226
2645,29.826511187488627
2646,62.91292287885089
2647,38.40078059418992
2648,58.350000343146014
2649,32.78511423303585
2650,60.18953998417887
2651,31.305044925989343
2652,31.409725325291568
2653,25.63531257560001
2654,29.849566244941663
2655,66.26791674723833
2656,69.64689995962638
2657,72.29307502994145
2658,59.954024862201805
2659,32.39251327931808
2660,29.227311855569532
2661,25.55682375301881
2662,42.12159916601218
2663,71.53421233785394
2664,71.16982237259253
2665,54.04397062961943
2666,69.89231708608128
2667,44.87549177612425
2668,40.55319621991534
2669,37.78815866733169
2670,26.953580787137255
2671,48.761565323845055
2672,58.788005905348804
2673,28.291921504303943
2674,70.258749564215
2675,40.181206879592594
2676,46.77162743632349
2677,69.76905984984182
2678,38.77826258597837
2679,64.76856247978033
2680,31.45121630965798
2681,59.081229520780965
2682,31.94557125334424
2683,29.723127097005545
2684,63.39488304126938
2685,73.57440975466346
2686,35.59340432018689
2687,38.622250452662236
2688,29.178030317231894
2689,65.15500032671429
2690,61.419971220949066
2691,36.07608224657396
2692,36.721348285350956
2693,36.60184933499837
2694,55.434975927607006
2695,30.881949308416004
2696,68.98225184185426
2697,51.962754787968464
2698,64.31793513699937
2699,52.98604626399418
2700,32.584126906099804
2701,32.60303284507885
2702,53.82813225749618
2703,55.61643218675721
2704,83.26777493603385
2705,87.46268475419964
2706,38.83836109322198
2707,63.302112301618145
2708,30.524109582973644
2709,31.581685988453202
2710,50.078621606872666
2711,34.87031761867161
2712,41.29637561734169
2713,53.83021270500917
2714,66.17250041200558
2715,65.20391043780344
2716,65.93008204447632
2717,23.85285625042581
2718,54.8639277203552
2719,23.295453848687025
2720,30.334916690002544
2721,29.473530999833194
2722,72.91891721849336
2723,28.096218214709644
2724,67.9325623146537
2725,37.11946632160812
2726,72.12745419829992
2727,26.39579821016961
2728,52.3914345665284
2729,48.80784207700937
2730,33.78390180152231
2731,32.79107250278127
2732,43.72259232726477
2733,40.2137255734767
2734,29.65665322844685
2735,71.73822479300016
2736,72.86434687411025
2737,37.66621880637849
2738,22.841891848116674
2739,73.03736633119773
2740,62.35517510571959
2741,25.504421460183018
2742,39.361790527153964
2743,35.36103032982232
2744,55.63613628779731
2745,39.78207053109826
2746,52.658372525850965
2747,69.68370979626012
2748,56.32235962351797
2749,38.43930325071285
2750,42.13600832057283
2751,72.61508800113702
2752,56.705178743853864
2753,54.81708533376934
2754,50.36513628329569
2755,56.0610065790296
2756,26.789328310151816
2757,63.796914376427615
2758,67.0878082224059
2759,34.2071031034967
2760,34.06209327608076
2761,36.511356626860206
2762,40.80735964512597
2763,28.74731614213411
2764,62.68847890439183
2765,65.21852998211128
2766,73.10404729773772
2767,81.45061424889597
2768,64.14246326464901
2769,33.57687138997424
2770,25.11709263117936
2771,34.58664128886247
2772,61.060112144159746
2773,63.45314914963309
2774,35.84136444793721
2775,38.6347703974336
2776,67.66332952512279
2777,33.39150078954812
2778,48.700849385274864
2779,65.05821849523767
2780,31.954433533939884
2781,71.01604576992926
2782,52.66794611549729
2783,75.5599199441047
2784,63.15708820558173
2785,38.02719151419586
2786,70.91325034889894
2787,58.586215448499566
2788,29.60279812649513
2789,77.02301112873968
2790,67.1980771027676
2791,40.514623718306275
2792,36.9472421251072
2793,52.01790769349797
2794,60.91153211704763
2795,34.22149399367159
2796,52.75450956611505
2797,30.411831548653403
2798,26.629315126644933
2799,72.71899317854223
2800,55.086756913618395
2801,64.14089270038659
2802,54.91754799695676
2803,68.31357260322534
2804,39.85692107635598
2805,29.986159901238068
2806,82.76202542861034
2807,36.85671490649772
2808,41.65043204453324
2809,65.2589063181742
2810,38.4181478124265
2811,70.88474836716175
2812,46.54730260334947
2813,76.21472271164367
2814,42.692194637400185
2815,31.523910587978833
2816,55.42062247792712
2817,38.52313185565307
2818,29.34462663278469
2819,26.12955152079673
2820,62.07419232676502
2821,60.921049379201065
2822,26.761506120355037
2823,50.265926336233804
2824,28.648437514251867
2825,29.145511422024093
2826,75.14498846718745
2827,55.106404908503116
2828,35.6613301555814
2829,63.547438512905735
2830,30.633170710218465
2831,62.950987953976785
2832,68.26550746299559
2833,37.149873707553866
2834,74.66195739785151
2835,46.229699023874545
2836,27.98212029899267
2837,73.84034558294763
2838,44.47605510779872
2839,73.75321512390737
2840,60.15532655186885
2841,25.75280138362674
2842,61.45251544884234
2843,67.6145702973681
2844,35.917615847425886
2845,49.082180410844835
2846,48.9158868127493
2847,67.55252323635946
2848,54.63907922435764
2849,64.7609820272924
2850,38.293407775511035
2851,70.9901177759483
2852,61.09627415051876
2853,39.307615583994036
2854,30.03571409588595
2855,41.13061603109776
2856,67.42596512790148
2857,62.844608337835474
2858,57.705670517252386
2859,48.999545115967116
2860,31.078686403584697
2861,50.41210309626317
2862,27.948467209332115
2863,61.66300247721325
2864,35.68038207345177
2865,31.8175657760507
2866,64.84618579772179
2867,26.76703996473146
2868,53.713630832642465
2869,36.3395774229925
2870,26.46307003679499
2871,29.594786360519528
2872,76.45376507337882
2873,24.37216918953213
2874,74.15165598065346
2875,34.87813783483427
2876,34.81419222620376
2877,38.5865415141315
2878,58.40192905998709
2879,63.53964733548342
2880,41.323296901047996
2881,61.5309871542911
2882,78.58554007397964
2883,40.23664174351922
2884,74.68455160650109
2885,54.50404135245035
2886,32.155894735474256
2887,32.53980243703609
2888,59.77627939815464
2889,28.388003231164866
2890,34.31491275037143
2891,57.31304645028774
2892,32.72510053154543
2893,83.78975584545394
2894,30.885131417946326
2895,53.33298394143626
2896,30.51358847448745
2897,30.06309648008223
2898,61.59045121010999
2899,42.154229635489195
2900,35.5006951189863
2901,32.00013063781295
2902,30.224714713989613
2903,73.7206609694787
2904,29.457402545068092
2905,58.98653838663141
2906,50.20311065096919
2907,38.10488683133281
2908,60.41564575378937
2909,71.46387153589268
2910,42.6137274637042
2911,69.97258589665641
2912,65.5647244883833
2913,46.75451320729121
2914,41.40863991814141
2915,73.99514365950648
2916,36.94324847136328
2917,26.64829712079019
2918,31.212803018421035
2919,37.771109297308826
2920,27.431178736410644
2921,25.926778758001895
2922,20.56995109088374
2923,59.09296704757452
2924,28.938608961885322
2925,52.366312126946895
2926,26.16226635012007
2927,49.35777544154268
2928,39.06503959187796
2929,33.19260217650574
2930,43.48338028492099
2931,32.39980357540461
2932,29.031879323663787
2933,40.66529032048392
2934,34.99223263747351
2935,39.91203861972409
2936,79.33500814763516
2937,26.764439034849843
2938,68.5509891294053
2939,31.947279527941078
2940,27.643838206136458
2941,31.54698323445401
2942,63.3566545652565
2943,32.070306966912504
2944,75.8961061133775
2945,67.42500474005898
2946,60.760054177961855
2947,31.82351753093866
2948,23.838992308737822
2949,59.44787226826463
2950,31.26764134217192
2951,34.732019041254574
2952,70.85843822397739
2953,28.001982628542784
2954,37.25643036765781
2955,34.687116443881564
2956,45.32519135223256
2957,65.95038205657507
2958,26.162755437638033
2959,24.571776840841174
2960,36.33887245716533
2961,49.74699111079594
2962,77.51676664758395
2963,33.185724514714636
2964,30.775583573499198
2965,70.16886426609182
2966,78.45287785784002
2967,32.301217499965375
2968,42.61475361068529
2969,30.385068175846953
2970,29.232049230691395
2971,31.574264591054963
2972,51.37700289316702
2973,29.05181802566328
2974,38.04664028054468
2975,33.41590075505703
2976,32.72096189970356
2977,37.35929490475826
2978,34.15149389489586
2979,29.720593196520234
2980,59.120820063482796
2981,70.66949020417897
2982,72.97518003124901
2983,67.86553123846444
2984,34.955127718302656
2985,36.465564854623
2986,37.60163301099681
2987,28.867135176032072
2988,76.576822505855
2989,70.05393625962489
2990,67.04497659302437
2991,27.000213049782225
2992,70.36470700101736
2993,35.15282392455386
2994,66.96068406852294
2995,29.10475938101014
2996,55.4929529881404
2997,35.36066002118444
2998,74.73297568108023
2999,31.336093504358338
3000,76.82576058799975
3001,79.91247231243452
3002,57.32880505624949
3003,28.50718568824294
3004,37.790450768573656
3005,29.85822468096076
3006,26.88405551562017
3007,76.93906448873618
3008,30.685941179747175
3009,29.99422001538975
3010,35.30026567114444
3011,70.27158271446035
3012,67.41490603350302
3013,64.81484216471809
3014,35.5326995239099
3015,72.01636914023143
3016,65.83554426069254
3017,64.98394215621705
3018,33.869175593730624
3019,33.15382158677056
3020,35.14765976827979
3021,32.089382204370885
3022,60.31600295014328
3023,52.11826015883416
3024,65.86059513348236
3025,60.84200528257637
3026,53.07533513852168
3027,28.28907375452018
3028,41.61093000550151
3029,39.18943004167338
3030,75.68535168905679
3031,28.066719444381945
3032,40.98990952740655
3033,30.901691305628987
3034,65.37547568307683
3035,68.2501602588375
3036,70.18016810115472
3037,31.33387254122016
3038,72.26369153254282
3039,26.95273607852635
3040,65.6309630410808
3041,72.34197894411693
3042,32.68909079118275
3043,31.859614501238198
3044,43.46544920259795
3045,61.37981815931377
3046,41.82429866836566
3047,52.631011820550306
3048,29.914155800159534
3049,27.558753744571632
3050,23.686685459502222
3051,32.43500212601131
3052,68.6631103660951
3053,41.828430268903396
3054,65.2101509863661
3055,76.82776055151903
3056,52.366429252405304
3057,31.244025604441113
3058,37.13246838148633
3059,85.01961831048833
3060,58.81880833045448
3061,69.46718933550136
3062,38.098964760208354
3063,30.782604333988736
3064,29.1517943948938
3065,78.80153029925874
3066,38.09310056825983
3067,63.227622122074465
3068,28.545358840739475
3069,31.52990775114037
3070,28.389416855104756
3071,31.114969728223663
3072,64.7532454741268
3073,29.76670317770285
3074,61.40314833065403
3075,27.983168689974477
3076,53.57951451504446
3077,38.96142139127463
3078,54.04139858146243
3079,65.19078601046192
3080,26.369434114689618
3081,32.09098360481932
3082,80.8963268956615
3083,64.10512499975795
3084,62.860412003358014
3085,35.56744630910463
3086,32.54465457151035
3087,26.34269429421054
3088,39.18277470998743
3089,39.36739181028604
3090,51.16716608458315
3091,63.60807356842124
3092,37.219445237498164
3093,71.82300705901612
3094,29.59835837256496
3095,64.15293436746639
3096,71.393133075351
3097,32.62214862064274
3098,34.103774258643696
3099,47.30834086974259
3100,33.424776632896695
3101,64.58104816638408
3102,30.36446497251943
3103,62.051665354033275
3104,52.06591172920302
3105,34.54043495671033
3106,61.845207448455966
3107,54.0880599412274
3108,78.2279525621733
3109,72.00210486921041
3110,70.04397596241647
3111,72.20710107946334
3112,43.67523194676327
3113,36.69004373609931
3114,35.24925309125268
3115,23.781605103719862
3116,58.75241648715609
3117,33.61245545451509
3118,37.07053658365034
3119,62.42881186768542
3120,57.43520887623373
3121,53.996090878915524
3122,34.99681940137671
3123,31.011055717746473
3124,38.09265738803581
3125,55.92763719489876
3126,29.064268700776232
3127,39.415822470183606
3128,32.34790200558834
3129,29.573536423759343
3130,23.361934393669863
3131,49.08233825088505
3132,28.042736624409606
3133,70.25459172840795
3134,67.6830235413926
3135,58.83544936861103
3136,75.03450962419396
3137,28.362362051555273
3138,31.120201999477274
3139,35.68564622265004
3140,28.042394023354035
3141,64.91170530968495
3142,65.49623513167096
3143,49.4512438545754
3144,59.51550759989269
3145,26.111495888180627
3146,28.5172330016254
3147,43.25285835007343
3148,24.76781856839284
3149,50.2440584197086
3150,70.94744798899436
3151,34.26749162916523
3152,35.824898572619716
3153,34.56752979688883
3154,31.259462994540947
3155,61.57748070099948
3156,27.512269976682738
3157,25.233465413171956
3158,28.778937191938397
3159,37.140569285699726
3160,74.1548594412503
3161,31.873761529084966
3162,58.50366026588914
3163,56.881483320639504
3164,24.405265165981767
3165,54.323179058967256
3166,67.56417066952798
3167,39.96410580704927
3168,40.03669924664376
3169,27.060654803393632
3170,55.72608992876664
3171,31.874813164841562
3172,56.12012595568891
3173,30.778733945503312
3174,30.75471056940397
3175,53.824772722770554
3176,26.549543376793387
3177,70.22341246212179
3178,42.70452979242567
3179,56.971306204955866
3180,32.79330896947344
3181,71.72200061718077
3182,29.526987606851698
3183,31.282394871503392
3184,27.124251654969335
3185,30.312724167529524
3186,32.434214090623215
3187,75.2857223624952
3188,31.930005617301198
3189,40.41061907184493
3190,68.73564944994959
3191,73.86438481720297
3192,50.229551449880965
3193,79.81820209428959
3194,72.74978690712939
3195,27.74302859763739
3196,23.66595962960735
3197,59.19107005895372
3198,72.59069797668849
3199,76.76886951693297
3200,39.20864687668447
3201,22.588537573194813
3202,25.8163827590649
3203,44.852881142723106
3204,65.14345512194643
3205,66.8180083492796
3206,36.0460127540652
3207,21.494658134842126
3208,29.90631735038113
3209,62.24453559748794
3210,45.667053551469
3211,35.55432630296608
3212,63.06175865723415
3213,68.38009820521725
3214,23.646203675462438
3215,27.297554161890297
3216,29.57449636024422
3217,38.08367958311832
3218,31.460796793431015
3219,74.3687348593208
3220,69.16780902416778
3221,64.02146061395227
3222,34.284186521819755
3223,38.427660117336806
3224,27.955873396652848
3225,31.586153102303
3226,29.339150533536277
3227,48.65391802278126
3228,79.61264807229517
3229,35.90946024540835
3230,29.985105285484018
3231,29.38717644246747
3232,30.10828486994955
3233,69.00468476389118
3234,34.320147612810416
3235,50.18999810825781
3236,55.35730102957663
3237,63.6532602401423
3238,59.29911471671691
3239,28.00766813783455
3240,26.618187933640876
3241,28.52548711894488
3242,66.32030116109
3243,30.460535379951935
3244,31.4621189096693
3245,34.41332464040575
3246,75.23924794300967
3247,42.259233784566185
3248,63.60808495522978
3249,68.15573770027255
3250,69.0172533324949
3251,60.22043616070949
3252,32.258348334933984
3253,85.8079823139054
3254,69.66881620998609
3255,49.6431543838693
3256,75.66235439226172
3257,33.122711411240914
3258,26.649478928285674
3259,38.688004524374065
3260,61.04617985240455
3261,33.5202841158174
3262,51.7600632083924
3263,29.831210976130983
3264,27.72846940727174
3265,31.176731978751043
3266,32.038062174767255
3267,61.878273458985184
3268,70.891898122251
3269,72.41742903722476
3270,63.483252645374094
3271,33.85916806655778
3272,64.7234951566229
3273,34.882062738088244
3274,28.262311878445217
3275,34.98060311108833
3276,62.37374744466651
3277,80.4956870865038
3278,37.663994094965155
3279,24.224766236320725
3280,72.03471890842712
3281,75.64408725306005
3282,72.26132995915258
3283,25.93895221016777
3284,29.490384205606553
3285,54.58016100941282
3286,32.19404792302874
3287,31.488871147823616
3288,31.11883799957191
3289,62.69258788609407
3290,65.67295505932375
3291,70.08038945452888
3292,32.15085738948151
3293,73.10546894330086
3294,56.05606495023046
3295,30.8647863600424
3296,37.174420153552774
3297,67.16466922547488
3298,71.45487503931902
3299,48.579303993602245
3300,66.60378501059442
3301,77.462692236117
3302,78.70152016412894
3303,26.33537323132176
3304,29.831567212626794
3305,70.32434183648054
3306,61.88538083130517
3307,47.48262655138153
3308,30.661408599230597
3309,30.223803667048898
3310,25.865602660728264
3311,63.1535579862043
3312,27.62649030725013
3313,39.7435677148139
3314,37.864940887809254
3315,38.63433887949535
3316,61.45420020819256
3317,62.65049779707516
3318,30.436206947633067
3319,27.35697711400575
3320,47.69803119148369
3321,26.856146263929126
3322,65.23437650815305
3323,32.09988954134287
3324,66.65648546614563
3325,32.1249396765389
3326,41.2569040535109
3327,27.058316898261438
3328,66.79426499729269
3329,68.64487060783426
3330,79.0571853690636
3331,31.646108859527764
3332,57.81587375956916
3333,61.857765430426994
3334,71.09004611922316
3335,32.80248790086777
3336,29.67431562514075
3337,73.85241941819787
3338,66.89940258059269
3339,27.649517388419653
3340,39.47036164320991
3341,31.146688936259494
3342,86.80417459547094
3343,64.58031583157371
3344,72.27241316689225
3345,63.89280476896983
3346,59.54236614067295
3347,32.30762509092754
3348,33.191170901098005
3349,26.611615809830745
3350,61.12027634636633
3351,45.54202027604844
3352,64.73169340963766
3353,29.557090793010907
3354,30.074753800979074
3355,24.396388724432526
3356,68.3505678626807
3357,67.74871803152891
3358,41.03264557148438
3359,37.62288172234965
3360,39.162601323713034
3361,60.38622572927275
3362,61.96382484196738
3363,77.13562434228855
3364,37.37950629092378
3365,55.104082329745346
3366,29.507872062901228
3367,47.94372484320653
3368,52.57672440804964
3369,54.40253833638005
3370,34.088719043240715
3371,27.912001096019686
3372,35.28624052386365
3373,62.53086027222951
3374,23.443458238443142
3375,67.83900720075638
3376,53.901469239528296
3377,73.50525507582184
3378,54.93959378696028
3379,26.373374908721658
3380,33.3444640546005
3381,32.189318678021685
3382,72.57715405553316
3383,29.51861291253507
3384,31.487991370389558
3385,29.92618879488188
3386,28.019297346939467
3387,67.6348585237332
3388,63.28022207360497
3389,32.10669965978085
3390,38.248299795097886
3391,32.76142294749423
3392,25.629928427090093
3393,78.26451246611813
3394,68.01204357923748
3395,64.8657206520279
3396,36.47298863518951
3397,30.113858808440227
3398,32.38757837120458
3399,60.7684260374087
3400,29.288165672177534
3401,40.05089069711739
3402,57.70798570699462
3403,34.90553442629074
3404,61.17225152400971
3405,79.90664495279887
3406,48.223394921144646
3407,29.815122162643412
3408,29.814481657262967
3409,73.36217840048536
3410,61.33447737427744
3411,59.8956080150645
3412,55.449462987804
3413,39.31830569647818
3414,38.41586512934114
3415,27.74658328698846
3416,70.19259066000578
3417,72.42923506044885
3418,28.523728639147308
3419,34.7440146667361
3420,64.82688926184285
3421,31.987478277286172
3422,56.56421641174402
3423,38.23791688108487
3424,50.748046368401376
3425,32.7601688174614
3426,62.475377574345465
3427,27.697286533050942
3428,31.930997247914924
3429,55.282839183805415
3430,27.52679516786818
3431,71.15363494831142
3432,50.002367680906104
3433,64.22780697244652
3434,32.22163679206586
3435,75.40594675711476
3436,49.41245968870953
3437,57.18115355364478
3438,22.787349348394955
3439,66.93899632833333
3440,34.94988145199191
3441,41.52093775191328
3442,30.34547706244539
3443,29.540741249969543
3444,69.40294617654169
3445,35.68712964836367
3446,27.41054125920771
3447,53.10251014938273
3448,56.51125612295779
3449,36.863240756205215
3450,26.866896542747234
3451,37.13388728440204
3452,46.08451480716115
3453,43.962768906750696
3454,67.56018567726198
3455,32.56301417245742
3456,39.98866245857281
3457,71.70243744110623
3458,51.78489590751871
3459,42.85032191037409
3460,29.657864750227482
3461,31.562329589060404
3462,73.91938325439403
3463,67.86965788835802
3464,30.569924052529664
3465,32.757579742122054
3466,79.40469343951058
3467,60.56607675041116
3468,35.126344682907444
3469,29.103528639762416
3470,29.707350950284926
3471,53.36661303998775
3472,64.31686685743195
3473,58.86007950730502
3474,71.77033162278111
3475,68.94173525137046
3476,31.939476071027705
3477,59.26827119469528
3478,40.124350414748754
3479,29.33093111938674
3480,30.21317688049882
3481,31.456798195521422
3482,29.673783803030737
3483,62.89173827503306
3484,30.57647480570754
3485,60.17919174336293
3486,51.759030968213565
3487,24.756160455749153
3488,30.038035888220207
3489,68.22139191367062
3490,65.6488504590885
3491,51.04470481238814
3492,48.29841671246093
3493,70.067039226154
3494,30.857187519320448
3495,36.49765839302521
3496,30.456078249395617
3497,25.793404047577056
3498,34.46419947142886
3499,58.92700494576234
3500,34.958714708758066
3501,31.18790468240077
3502,77.56940014925493
3503,56.262697895907856
3504,33.26698311612803
3505,35.30172558779622
3506,69.11806092865365
3507,29.061613474203114
3508,31.75889972970625
3509,31.923213283611567
3510,29.409524767147822
3511,59.110877201620994
3512,28.979314301220292
3513,25.931702949985997
3514,24.56575618484223
3515,70.72076978195643
3516,71.41462782446094
3517,28.04206228725313
3518,33.58219909258819
3519,70.97938609611978
3520,76.75076584826024
3521,36.18940375416267
3522,44.45078030628914
3523,31.1464307356083
3524,62.78436846128624
3525,30.716901229741246
3526,29.411671972184074
3527,33.30584531357177
3528,28.898737107365328
3529,42.7835045963275
3530,66.12628115747479
3531,30.844036334861514
3532,56.136350313335384
3533,37.25009558742164
3534,30.730584732300905
3535,70.98923257720399
3536,52.42249210876469
3537,26.60292623682455
3538,33.73129549858962
3539,32.097433648799175
3540,35.597373919668534
3541,35.16812629550002
3542,38.726968383644405
3543,54.94583794402158
3544,31.4400543910702
3545,84.02475828506877
3546,60.62129798169235
3547,46.57185630521452
3548,25.542346461424536
3549,61.47503756352781
3550,53.33540015949721
3551,32.98158678402983
3552,40.19972865516157
3553,54.415355525913526
3554,34.29458609047137
3555,40.90117957045434
3556,45.15063622875576
3557,61.24324989418744
3558,77.41919196823825
3559,39.02928152012938
3560,71.49201073491614
3561,31.581517054810156
3562,79.81204896423154
3563,32.77064049145206
3564,47.05573009750355
3565,58.880980032349775
3566,43.63864175117353
3567,43.93863432777478
3568,26.111805508769933
3569,45.37277317660474
3570,49.72626487336477
3571,40.91413951465252
3572,51.4856613778544
3573,58.26872946962506
3574,61.53140680169445
3575,59.73812173190439
3576,56.3339448870754
3577,46.845927780245326
3578,30.85092787348558
3579,36.428309769847175
3580,66.14877803390144
3581,32.352870570684445
3582,27.334123011704
3583,30.224648095944886
3584,40.43327597745045
3585,28.030441842335392
3586,75.32625277534162
3587,65.31715590985601
3588,63.483226947241405
3589,66.3721991301023
3590,34.45933783544361
3591,77.36166800060016
3592,75.31765797201962
3593,25.931528716178676
3594,29.4082030634206
3595,57.69197241419381
3596,25.738565803614804
3597,33.990545560463325
3598,31.322316926224765
3599,78.32338437340331
3600,77.70372578374034
3601,32.070130639769964
3602,36.58826526372273
3603,71.71113957783547
3604,34.81875780673452
3605,67.70175305104259
3606,31.18579711412707
3607,34.30166144854627
3608,60.6026390325533
3609,35.82830268706896
3610,29.06249117072754
3611,50.30535639321044
3612,59.26704787603007
3613,60.81761854669925
3614,52.60257416028676
3615,65.1438778653368
3616,29.940096799929904
3617,59.004702681864224
3618,30.88915898856829
3619,51.97773473370988
3620,55.67047893799839
3621,60.84660612519812
3622,34.2574493269612
3623,58.67960379745265
3624,41.202373625814545
3625,29.915156691600018
3626,37.91887509383076
3627,61.38836938112898
3628,30.346166850695973
3629,63.852948040687956
3630,67.63882672751741
3631,31.608787645859543
3632,57.23946857563182
3633,27.91921550053634
3634,73.15292442451627
3635,53.557253953745324
3636,54.964014908086945
3637,61.62904010925635
3638,48.55184348088455
3639,74.29334647871394
3640,35.75464305800568
3641,55.939338377712254
3642,37.23573045933168
3643,63.42068102477076
3644,30.139519986409915
3645,39.50037849649109
3646,55.97332627114557
3647,63.113666926207145
3648,25.72445482188703
3649,37.1987715287915
3650,25.162021485086555
3651,27.469911132033346
3652,55.245514965934035
3653,29.1913491124632
3654,70.22100148235651
3655,67.56986682950033
3656,37.986909517136574
3657,30.473278003345662
3658,70.04786991366964
3659,49.0688879292238
3660,36.88004020708662
3661,67.98886343474838
3662,24.801555162963353
3663,27.264873244458272
3664,65.1991312892733
3665,34.025949094232594
3666,68.7853564086016
3667,48.34279799482421
3668,57.93114810482909
3669,31.86424971746886
3670,70.45332313876763
3671,51.995399048575614
3672,28.428663293763
3673,52.01518470395598
3674,30.602877322898905
3675,69.0111220541527
3676,63.42298336267985
3677,61.809856701515166
3678,65.61542423707353
3679,52.765438293116624
3680,73.85734949080874
3681,41.4611016227858
3682,43.72906840836397
3683,33.34671734503057
3684,61.27938218607606
3685,29.952086567061215
3686,55.32675753869
3687,71.40286631975182
3688,63.483821705649774
3689,67.89545714939075
3690,60.82507856864642
3691,32.83768527478254
3692,72.45371382883374
3693,29.853700259880483
3694,54.402602795578794
3695,37.61610807761863
3696,78.91171332174474
3697,55.47508012806445
3698,27.225204266800453
3699,50.14897587014834
3700,35.41859466647508
3701,60.30600198869691
3702,68.58297843274205
3703,35.517104824357155
3704,69.72324573137894
3705,70.36810373699889
3706,58.65282537712098
3707,32.49707725638251
3708,33.75282012075671
3709,65.5191850082692
3710,54.96058607771999
3711,35.77509838642354
3712,30.16356828173972
3713,74.40407106691369
3714,72.79597054062414
3715,26.07946719217162
3716,38.344875998316795
3717,72.21839460839942
3718,66.35655494691581
3719,64.80119116273534
3720,31.055156757051307
3721,77.11936905889038
3722,47.29230995989189
3723,72.95721233924891
3724,30.478405964225665
3725,32.3040535310112
3726,36.13755137505739
3727,53.03068012460646
3728,23.615016325477512
3729,70.78664983883333
3730,32.06680181683002
3731,47.77226567563454
3732,41.450870651016196
3733,74.1702118965621
3734,60.63290747946994
3735,62.036565766638695
3736,34.31750964925763
3737,77.25082410671943
3738,70.17922600088889
3739,46.49466419367541
3740,32.62605282560179
3741,60.37288716502231
3742,72.91946352741553
3743,37.5003845012709
3744,42.98120138731442
3745,52.87720181217543
3746,69.20464652583065
3747,64.01181489066916
3748,35.76247532598101
3749,32.812341139268995
3750,34.503220769589134
3751,46.468005867973005
3752,28.00596428971417
3753,64.0352000594929
3754,59.24241259772245
3755,32.756943880995145
3756,59.99997047162877
3757,64.5474617967097
3758,51.02799409344059
3759,74.9189199778039
3760,70.30163028004456
3761,69.38473915446173
3762,35.70208538773571
3763,71.11255605052888
3764,35.93708489585455
3765,64.57111667180291
3766,53.58450101366004
3767,33.865602678012955
3768,51.16464697936233
3769,30.038852891606872
3770,29.64190199872678
3771,74.25760324302442
3772,52.4245395103865
3773,55.012329910971324
3774,37.003464769008296
3775,67.20622050901771
3776,75.80581058960445
3777,26.41947998324993
3778,72.421612796711
3779,53.41394575575022
3780,24.479862098127924
3781,43.80548953603064
3782,32.147654976476076
3783,62.54841351027567
3784,24.69858572100339
3785,40.03813430561275
3786,56.21076598686834
3787,68.61353348994334
3788,68.45711151110679
3789,75.06140787042412
3790,34.02112485092514
3791,75.33553245702362
3792,27.867579859281783
3793,71.28143771737385
3794,57.06263088325205
3795,30.991449818770192
3796,62.915793953491814
3797,72.8833382958887
3798,68.35543580061429
3799,33.239284875031046
3800,51.001704606740965
3801,74.85655320966833
3802,23.305267549721194
3803,32.14378826525563
3804,60.604257310348814
3805,52.39347700435021
3806,82.0527190827766
3807,77.09291910896137
3808,71.39198855785745
3809,74.37437866842768
3810,78.45165163326362
3811,32.47618589606871
3812,61.50086580782083
3813,31.418848335819987
3814,27.133370147893018
3815,71.52580004821915
3816,73.98859598687304
3817,28.458464834536926
3818,53.530034900790895
3819,40.245605682653085
3820,71.46844037097777
3821,40.20456541522419
3822,30.74190219594174
3823,27.403567067778773
3824,63.47734762483986
3825,39.59515307674408
3826,54.22022375801904
3827,62.53693070660776
3828,54.16687319320813
3829,26.259409372861164
3830,60.56180901520953
3831,56.08977037717799
3832,33.59991809733656
3833,25.143774090358477
3834,33.846890955586716
3835,76.12795235050582
3836,56.06749177524194
3837,40.36557266235681
3838,63.61371052412278
3839,29.05242588335642
3840,71.86321058380823
3841,57.147266610698175
3842,41.089236159557004
3843,31.620896536448846
3844,66.6317152443526
3845,40.12641896842771
3846,31.445830908351248
3847,40.006229644615736
3848,47.964078869120016
3849,24.842553295777634
3850,51.07952268943709
3851,33.19261570455392
3852,63.000660984973365
3853,37.48793225841039
3854,52.30548631027662
3855,31.867203394560036
3856,26.983682835332168
3857,64.13528638117626
3858,32.633330288178115
3859,60.06494186357797
3860,50.68449532120199
3861,58.97822192670336
3862,62.279555376615264
3863,34.636169771269515
3864,61.79626470657218
3865,69.93179457691133
3866,28.927349121088056
3867,74.62735810597064
3868,28.11212595922222
3869,52.57193534965333
3870,70.81113744858634
3871,38.95375645253093
3872,35.034503555004406
3873,58.15170749096686
3874,31.2495435022637
3875,31.76818181850866
3876,29.006513351347152
3877,43.24181952275292
3878,60.66321690460494
3879,54.70873960704446
3880,59.722247837105
3881,36.40725650774265
3882,56.9391649376603
3883,36.22008874112046
3884,39.255454424279996
3885,82.8267909419071
3886,34.79905698744536
3887,27.868406802499706
3888,33.13081728894792
3889,28.30560184630528
3890,80.19291538102719
3891,74.86134283220767
3892,32.18943030811346
3893,29.075999246999913
3894,32.433887796641905
3895,70.75817977502518
3896,30.53528245142782
3897,27.993068237034528
3898,31.59255501721423
3899,42.958472430921354
3900,26.156107040516872
3901,50.102122463703346
3902,74.27476793476873
3903,63.48049776065132
3904,38.671546929081266
3905,27.486551960868887
3906,80.25152790353359
3907,53.31004877127527
3908,29.4803296928119
3909,65.98315368747784
3910,54.03456885120956
3911,58.6057049752103
3912,29.32231004549253
3913,60.19905509569596
3914,69.79490107747758
3915,59.803048987863896
3916,67.44768884716068
3917,63.04823962190804
3918,53.453485601204335
3919,25.602994518345312
3920,30.971139120931937
3921,29.302510531162703
3922,44.851290404118814
3923,70.39447640740073
3924,70.3894734449259
3925,27.764454341769493
3926,75.47010700929361
3927,69.31979976113888
3928,36.41987211941541
3929,35.042043238963316
3930,57.739200671222584
3931,53.37611297325649
3932,35.55418471848201
3933,33.71951476817934
3934,57.5535051587228
3935,31.120385717806727
3936,33.635097961968434
3937,81.89065846407246
3938,61.71587762327056
3939,33.74921682625137
3940,73.26118130548367
3941,34.699670469531476
3942,71.53133677126544
3943,27.753791808292902
3944,61.66425223403676
3945,55.87401389876535
3946,53.28511379617719
3947,26.58227498761955
3948,52.833425138224
3949,51.37274371062406
3950,57.6597158427384
3951,39.42636017739863
3952,29.334265249709823
3953,53.95347079510622
3954,27.335898603338876
3955,52.08653817965186
3956,36.26788865383444
3957,69.52655696260761
3958,27.81542068977766
3959,68.8257267324618
3960,51.550470321626165
3961,49.01431046270304
3962,58.83492515548519
3963,33.20663799362425
3964,48.622758528906544
3965,30.071230129680174
3966,63.99488066783091
3967,39.3951223525983
3968,48.93473815027875
3969,56.52947549638075
3970,43.31285346670576
3971,31.483601718663863
3972,64.84368840583147
3973,43.063615331615665
3974,38.93452768785684
3975,77.88878975117419
3976,73.51638589777662
3977,61.137423656545785
3978,68.92028308204718
3979,56.59361600430783
3980,61.34249161024841
3981,59.13277560659081
3982,51.53071610468758
3983,57.51068568593967
3984,51.18984961282769
3985,52.646612694656795
3986,33.161619356407364
3987,33.31488195649459
3988,42.069669557621495
3989,50.18512737612436
3990,31.75039026408335
3991,31.475962519383643
3992,63.474305837808714
3993,27.560951518178953
3994,57.06306543170329
3995,24.391420397992427
3996,31.1207651937007
3997,29.154691434191058
3998,38.73353379799629
3999,50.517985810918674
4000,58.11079795901337
4001,36.69147704733629
4002,34.62860023622583
4003,51.8366012329224
4004,58.82032683403574
4005,29.930446483042388
4006,25.779407166283704
4007,29.282693364864727
4008,34.33148506177225
4009,63.747463826361816
4010,33.50535373780511
4011,67.82234717334205
4012,27.589676793584324
4013,33.70441431812332
4014,28.62418694643371
4015,46.91744783339501
4016,41.30275053805704
4017,37.86507217990295
4018,28.99126392917927
4019,71.87152276308957
4020,30.02588798909443
4021,60.879483000433346
4022,27.736662312217312
4023,30.23187865945762
4024,48.103104808714484
4025,30.947987865238424
4026,60.61492279808495
4027,69.41097517967906
4028,28.95793544178857
4029,65.71623695319417
4030,30.293824275598674
4031,30.983981349074327
4032,37.711403487118524
4033,41.00371976346107
4034,34.78707144690078
4035,42.508104119142885
4036,37.74673733432395
4037,30.63987832649378
4038,66.54942448194454
4039,70.13874465587611
4040,52.846391447904374
4041,68.94573620539113
4042,52.41967560123471
4043,67.90832091919498
4044,59.316364106480336
4045,70.74765421422381
4046,71.45242995429132
4047,42.94124835549889
4048,71.63719838855386
4049,70.76919783124129
4050,64.76122458070594
4051,34.250989019519956
4052,56.832242395963554
4053,32.356673966286614
4054,72.0262085232009
4055,51.07393133312881
4056,36.372340984769345
4057,37.82083859383801
4058,26.358985637996803
4059,68.44021471728783
4060,65.09629029341887
4061,42.24239596495162
4062,72.70293912312815
4063,68.3252169544201
4064,26.873500315167597
4065,47.790742578464325
4066,71.08098165745704
4067,30.706509304126193
4068,34.15956353198314
4069,27.71538853438919
4070,29.422719344737942
4071,37.34794594537642
4072,25.31612036868725
4073,35.62037783196096
4074,33.20581893299181
4075,55.280912862210826
4076,31.9295086874007
4077,32.288610644936284
4078,53.639765906550686
4079,33.4992299936299
4080,29.094005635810724
4081,29.60773138480794
4082,73.87322253995877
4083,48.09576944782116
4084,33.093774979809595
4085,65.95807822744347
4086,62.008945572113674
4087,30.351938887827323
4088,58.42343923511642
4089,62.733495342706945
4090,29.36276791908815
4091,69.13285984698486
4092,32.858235723711296
4093,28.057508829971162
4094,57.165317902883764
4095,32.92364590713052
4096,43.684453625063206
4097,33.429766116575
4098,69.51514404901324
4099,68.99258017126226
4100,69.06745918777595
4101,70.87028294190107
4102,57.92703366425767
4103,28.619448284065655
4104,65.23240306969296
4105,61.483612062837196
4106,68.84113801698508
4107,68.25348006363168
4108,30.58344812413676
4109,65.89235830459586
4110,37.67987459790031
4111,37.110166207873256
4112,55.86807283191449
4113,34.24068684654377
4114,73.67167690460448
4115,35.750275348135915
4116,44.025399819673105
4117,43.49659667557428
4118,28.874596905453963
4119,34.503975979757364
4120,72.53721351648102
4121,24.163558092404536
4122,46.815101971671226
4123,57.19576762884091
4124,63.645845792147874
4125,38.3064000042076
4126,51.523943626465716
4127,54.47265232161041
4128,32.968734629967265
4129,33.455096270781574
4130,69.82506456122927
4131,67.80990377277956
4132,45.68202023654718
4133,52.759980069497914
4134,60.101835374051035
4135,25.42444527292369
4136,50.71589736107202
4137,71.28785840456622
4138,27.88951836135788
4139,82.69396146260135
4140,37.0230567764925
4141,72.1009679992
4142,26.485048175655344
4143,58.958764343638556
4144,27.99459149547078
4145,53.4998229818294
4146,49.77506407280447
4147,36.46470332963875
4148,60.34685518312526
4149,63.06038651930113
4150,43.36284657016874
4151,33.9500639427559
4152,33.300443842722636
4153,31.566297923910206
4154,35.32916091035494
4155,59.55385379404441
4156,64.76436961251936
4157,72.46683873627411
4158,61.906396259778745
4159,69.6926788572618
4160,58.01053208950948
4161,39.68739843662125
4162,48.13219316453502
4163,64.79735019587045
4164,72.10499424495802
4165,24.674699922127346
4166,24.94956646448903
4167,65.16615569462073
4168,36.311654866167075
4169,48.4970032214254
4170,36.22058499273616
4171,27.383034895913724
4172,34.00419684238798
4173,45.90984398099828
4174,32.10519376508672
4175,69.70813621426352
4176,56.06798211714827
4177,63.57492129936374
4178,50.75875821628153
4179,65.19395539157617
4180,54.84309806456051
4181,54.57279177543984
4182,80.00421537196283
4183,57.134304251970626
4184,26.340183682071057
4185,23.70940880190519
4186,27.176839418630998
4187,55.215228672566354
4188,30.655005260376363
4189,67.71949730091414
4190,76.040948205964
4191,35.297628623466046
4192,46.3843101255318
4193,50.37503908309901
4194,57.88342202258392
4195,75.60023270287148
4196,63.2649150511713
4197,55.24414754182603
4198,54.1973148657417
4199,69.01813664067141
4200,25.448440692509358
4201,79.88453842162914
4202,56.40298054392535
4203,72.47496934754153
4204,29.943136664363976
4205,28.912380626478885
4206,66.77488895955452
4207,31.40780774943679
4208,79.4666077935234
4209,43.053803184768555
4210,42.42782236063307
4211,57.09544736048512
4212,74.51706320985932
4213,43.70311304434716
4214,50.54223913753996
4215,59.37454698303022
4216,67.79414767571187
4217,27.89582027750148
4218,70.62411793552873
4219,30.009559847112612
4220,52.47678608481497
4221,28.537359667400146
4222,68.95982584607344
4223,75.21586723003416
4224,35.44270600955201
4225,29.153486861139328
4226,34.90276594169548
4227,32.488002697467216
4228,29.302017823747953
4229,65.32549091472784
4230,25.147171324700786
4231,35.09334699222426
4232,26.596003486726367
4233,66.16052221090848
4234,72.18982388222051
4235,57.70248376550861
4236,56.09201376112716
4237,48.936712391538755
4238,70.02555403812987
4239,73.19960333604973
4240,63.606343776630155
4241,88.57121766242197
4242,85.79701163646855
4243,36.975350144222055
4244,37.41011331106724
4245,58.88101818108902
4246,40.32848270045226
4247,27.553283062766518
4248,31.2229206397163
4249,71.0017200817189
4250,47.95700779680564
4251,29.336454850304406
4252,28.505888155511904
4253,34.18099821764507
4254,60.277800182298904
4255,63.012954732716445
4256,25.135547995319683
4257,64.8457779148374
4258,61.06479413629653
4259,77.53530235304612
4260,74.15059799247126
4261,34.933262213353245
4262,28.236157324176233
4263,73.32114271440413
4264,58.97486273770673
4265,30.34678532472811
4266,33.87367944998608
4267,41.81956191001446
4268,50.72332426870045
4269,33.85101261777038
4270,75.017236171979
4271,43.049072540960374
4272,72.19497116418198
4273,39.687166654310055
4274,56.44554139950973
4275,59.73061841667765
4276,70.43647308745935
4277,31.140671237964888
4278,59.981740991748346
4279,29.498957770125195
4280,68.63650528016834
4281,71.18242420676566
4282,29.799407800696272
4283,28.17612435406233
4284,72.10737536670155
4285,32.01082338473521
4286,29.498841227172008
4287,32.779340070005965
4288,35.234352258389
4289,35.080402971536365
4290,55.33475603281314
4291,35.68022529961799
4292,39.254466499031395
4293,64.11031607380349
4294,36.300674947080665
4295,54.230573732029306
4296,74.70923588054747
4297,37.04139574461472
4298,33.24947903423135
4299,26.969328631499067
4300,54.423165817432206
4301,59.4622864603404
4302,54.011713366696284
4303,29.827054978844806
4304,30.49027557184145
4305,61.84030150389195
4306,30.622689604240357
4307,70.49536593183616
4308,33.37943480676913
4309,74.93142568969868
4310,33.17417487739232
4311,31.877202304677773
4312,57.517584139950294
4313,37.18407393817872
4314,24.437455806694253
4315,64.87359565332382
4316,27.044760651239862
4317,49.64311129990781
4318,57.77460064718703
4319,41.68920855175665
4320,57.73552252390927
4321,60.295117597028884
4322,29.150245103486128
4323,64.39808366642269
4324,67.73241301951539
4325,35.40482616849466
4326,22.67284146016656
4327,35.16768631867091
4328,29.959130128888738
4329,66.55504016805988
4330,59.61053563906722
4331,29.515736692714036
4332,37.2532782595888
4333,37.67376149090715
4334,26.070562640015396
4335,68.88338492291287
4336,32.61530716721257
4337,31.78643628417931
4338,24.609624316818866
4339,35.45817699039341
4340,66.6470338653126
4341,28.050313608634013
4342,28.10957632993047
4343,30.665625515557217
4344,52.476238889224355
4345,30.174967664925347
4346,71.56340030673208
4347,31.615154382216176
4348,55.84167644725262
4349,66.62965242752196
4350,38.130715315171656
4351,68.14436147742411
4352,44.90273868529622
4353,34.33967284899996
4354,35.39623097953929
4355,49.50675575891861
4356,69.85237985397563
4357,39.126235372407336
4358,31.00622274221262
4359,56.561500730811105
4360,52.67373577633329
4361,31.590456772915438
4362,27.66027863362919
4363,78.35335223932894
4364,25.04725039915901
4365,47.99015196522994
4366,34.42043816007895
4367,75.54520186485257
4368,47.841444177176975
4369,58.179770464874615
4370,48.9304561199404
4371,33.06700279936742
4372,32.90709670969956
4373,61.281039312405696
4374,32.24261887541724
4375,36.52836877580551
4376,42.199622286984074
4377,38.290597429484095
4378,67.2677326268631
4379,75.44624405748358
4380,28.711115625698014
4381,33.40147253750265
4382,35.56595623914521
4383,42.77415209382014
4384,38.47372677344598
4385,37.24159346657782
4386,50.50136817956108
4387,60.274857992146046
4388,30.04268032492009
4389,73.8785081942736
4390,47.8507562318443
4391,72.98527440395694
4392,34.24210855619146
4393,56.46521932441001
4394,66.89112542883653
4395,22.992185354008654
4396,31.780804639666172
4397,57.12812004207595
4398,67.88485145914565
4399,73.67973727230785
4400,32.13957307279048
4401,70.80098610224024
4402,32.379252758018545
4403,61.93226050115923
4404,38.10676185664531
4405,66.04133013608224
4406,33.744600150577625
4407,74.4018078762536
4408,33.98352528336797
4409,49.383692932751586
4410,64.3336989242513
4411,26.349144522820744
4412,46.11376438749863
4413,69.87687940653733
4414,59.48666543934792
4415,44.730304878153895
4416,69.21751611022644
4417,30.63954204100277
4418,52.99840250967292
4419,28.356567238897853
4420,47.65662663378237
4421,29.10758346727333
4422,68.83658517857204
4423,34.14546797703854
4424,54.55775349907232
4425,51.752314339561316
4426,55.88888752975717
4427,26.65943008092983
4428,53.92742342632989
4429,47.76279229504913
4430,52.433506358327904
4431,30.398057620564437
4432,33.00810048266983
4433,55.29066115146438
4434,62.67869752395338
4435,27.10407444525444
4436,31.569102629929
4437,55.56121270852436
4438,28.992061299712752
4439,38.95966377274033
4440,31.93903892732839
4441,30.55354481885007
4442,73.08704044872532
4443,62.877832054066936
4444,51.974182421885054
4445,27.048011303956578
4446,41.88123031757442
4447,73.65779304038833
4448,37.24642368081168
4449,30.897429680906164
4450,50.63441783275892
4451,49.99628483874634
4452,67.01974409344072
4453,55.8645269644899
4454,80.36082631835363
4455,61.68693611337811
4456,61.306453010086415
4457,30.061374995117013
4458,55.00116321463942
4459,33.55255689428965
4460,70.11228563282951
4461,73.73366973652247
4462,29.508698133999772
4463,76.69889651590479
4464,69.01710318734207
4465,39.28343048541411
4466,33.22765532560369
4467,28.33976311607482
4468,44.74051426204152
4469,78.1657710639413
4470,25.160923190331133
4471,60.88685269404644
4472,38.43676084142114
4473,24.586842371825462
4474,32.27774700601
4475,61.11580937439583
4476,31.363721487764515
4477,35.468244926915496
4478,55.55424473075368
4479,31.77703897201404
4480,28.082760894368157
4481,40.936625510669785
4482,37.02457459482164
4483,65.2763686207099
4484,34.23101390736399
4485,30.01546597086729
4486,24.43863975357644
4487,72.75275398155735
4488,70.15681164104618
4489,33.891585540742135
4490,23.553833105245786
4491,38.827726182006415
4492,27.82518390055243
4493,45.958472743441284
4494,22.26631912653967
4495,48.849048837951365
4496,30.486912269772787
4497,38.498934366344514
4498,29.457348170421255
4499,46.8561431361672
4500,24.307148088928862
4501,30.550413056043524
4502,68.54363521405548
4503,59.88799870065584
4504,74.27477291569973
4505,30.89286332644761
4506,62.840981216543355
4507,38.989041508238664
4508,35.88347869437679
4509,77.68752923314501
4510,49.978710222032994
4511,55.06056080591119
4512,32.27273308001779
4513,51.56183096149636
4514,57.19233854026049
4515,53.17287675198115
4516,61.8823319330607
4517,52.02151727465189
4518,23.781466248399276
4519,28.14636645247038
4520,33.994160094418355
4521,42.98046688920572
4522,34.519281671371466
4523,34.41801833266236
4524,55.888403651929735
4525,25.377959282455237
4526,36.57092297023721
4527,26.58161152498316
4528,30.13938550158666
4529,68.69462362318873
4530,51.96031817342609
4531,60.32398934456195
4532,71.33684922909227
4533,30.281723149636655
4534,31.395759082869553
4535,28.599281839079836
4536,65.90281668283887
4537,65.52994151930778
4538,27.65006179813637
4539,28.323419104455347
4540,69.8237315873433
4541,64.41391179041224
4542,27.401022733434473
4543,24.28225085985097
4544,30.4449863672102
4545,71.64588821737519
4546,80.27373645850433
4547,59.57581109055509
4548,77.37727057673072
4549,76.41997265561469
4550,57.48704082864039
4551,50.57839114273926
4552,31.18607367712564
4553,32.60222274426559
4554,58.324475495360254
4555,35.5512706022298
4556,76.51388228368654
4557,51.72692126842414
4558,30.362738907411355
4559,53.98300085900249
4560,28.31873475331097
4561,30.90352341693265
4562,64.01777460791085
4563,35.40288984521692
4564,29.410219527505156
4565,56.80685523061123
4566,31.198170452872446
4567,59.533356743926845
4568,49.71268278108953
4569,58.39855322412047
4570,28.337267207684675
4571,49.617024565049185
4572,25.617611252355495
4573,72.0405356072422
4574,25.023913839407534
4575,30.80981793748606
4576,41.55833007550989
4577,57.77571394308469
4578,75.95779642493524
4579,28.47442359076681
4580,53.840151777751124
4581,57.56141127141266
4582,54.74621079966717
4583,79.0827066821582
4584,33.75425317601673
4585,62.14696272348034
4586,23.610333873684546
4587,35.26958905331615
4588,61.3935528632053
4589,62.096285621507846
4590,64.99203299939643
4591,35.328344168566716
4592,63.01537744262987
4593,68.98252001386778
4594,26.65883232429038
4595,29.33900624459381
4596,40.785031347392426
4597,22.921526871746686
4598,35.69187073103985
4599,31.219407263418873
4600,67.08605215328461
4601,29.75131664792338
4602,37.52691510465169
4603,44.78134478925641
4604,59.93750044221122
4605,73.13549328556847
4606,41.602904101968264
4607,35.87888383925591
4608,48.86649715698856
4609,59.37079586585491
4610,39.084157803632856
4611,24.792190227038354
4612,39.37130758357189
4613,33.35048738195544
4614,35.24947301502931
4615,33.23201340258405
4616,69.79332179618476
4617,30.067567615485792
4618,87.90686893574245
4619,38.44835870128525
4620,35.14590977780927
4621,33.574948357378155
4622,58.18627623338311
4623,26.427563829995258
4624,35.96269616659404
4625,70.49541536297787
4626,73.27162285148468
4627,76.82223637343495
4628,69.8030471147417
4629,31.492831739068656
4630,73.01170134897379
4631,72.44687642602935
4632,43.18569986624126
4633,31.721088670638892
4634,68.1929722806842
4635,54.828989537690745
4636,30.86378310547255
4637,34.5520967292403
4638,66.12527643170623
4639,64.8251655043715
4640,30.8736295421336
4641,73.48818403236488
4642,34.16108791198164
4643,74.29318067773318
4644,35.97707601265331
4645,29.054793896448693
4646,77.20226267578502
4647,73.5862832320355
4648,34.1569493223453
4649,38.83538720252792
4650,51.037141535678906
4651,38.533918716176665
4652,39.287422547867266
4653,72.19832499793452
4654,79.55246786499944
4655,36.36200128911846
4656,33.12922015143248
4657,30.10400474985837
4658,26.520771288787024
4659,62.42172862425353
4660,28.319869324521946
4661,31.72652701523151
4662,64.89279812847818
4663,59.94220510278514
4664,71.80020765859058
4665,28.498486856409052
4666,74.57041235316706
4667,24.71266745455241
4668,20.08185230960546
4669,37.65444331353368
4670,39.958911631544865
4671,66.61146015136315
4672,51.0274562062019
4673,34.994810792135596
4674,67.34232893087153
4675,52.49484638408753
4676,33.67752633637662
4677,72.31462138790006
4678,35.00287884240144
4679,57.9913999379963
4680,68.29112322259685
4681,30.108397619963306
4682,71.96014473070773
4683,42.271095232203656
4684,61.47426380717913
4685,33.86728243728599
4686,65.04446364974005
4687,70.57305395250309
4688,34.308681258208786
4689,63.25715232926969
4690,28.947363358459732
4691,63.62299491435989
4692,51.12750013671846
4693,27.791964391610904
4694,70.66279071898288
4695,68.81258243015884
4696,62.86113140755993
4697,30.680223292112743
4698,39.06950776499435
4699,70.28385946524456
4700,69.67063301783512
4701,33.00707131420727
4702,44.44227147136773
4703,31.713529369588343
4704,26.232238576151993
4705,40.302853415468846
4706,31.448887454320868
4707,62.617452283501116
4708,27.69987064670628
4709,33.961112989022716
4710,29.97233995893734
4711,31.080414752899628
4712,63.05669480667812
4713,35.604297788597364
4714,39.93261844184463
4715,75.93015501209409
4716,35.71257086030228
4717,65.91126657365362
4718,35.71415350264409
4719,28.752102699227336
4720,68.74103755666059
4721,30.3000108174393
4722,47.47702001740386
4723,28.937311853730137
4724,35.43396655294451
4725,28.729939336909077
4726,31.28134951254274
4727,63.27207129253807
4728,72.07020160790002
4729,69.83902440714283
4730,70.28275185640298
4731,60.24626972586759
4732,37.18755313692321
4733,37.528261211268024
4734,44.05592956669264
4735,28.30194639762948
4736,31.789551646351434
4737,65.36478989697156
4738,27.583432295575598
4739,78.517442810828
4740,73.99002030036769
4741,27.419290488448233
4742,34.71494288980149
4743,67.1768172967874
4744,58.2893840862501
4745,59.128660083976165
4746,43.87785513972983
4747,66.60272524666729
4748,51.714851717938
4749,72.56424357457131
4750,30.838583616699147
4751,36.55547190433915
4752,34.98470739274413
4753,74.14713554091843
4754,82.32872517398492
4755,31.055899564192075
4756,58.99247495763076
4757,37.91222738738475
4758,74.08902178071291
4759,27.652316310284398
4760,55.470063287832176
4761,64.80506461181643
4762,31.33447647259605
4763,67.70531798555871
4764,36.04262553986921
4765,23.76094578472874
4766,30.75631163819149
4767,36.027966965176375
4768,32.123277174020366
4769,31.6826277724428
4770,33.16681766920137
4771,32.3749392810518
4772,40.9938052560216
4773,68.76723467849543
4774,38.924623778385396
4775,60.4192570658428
4776,63.51455832937898
4777,31.400618351163132
4778,32.15113388298227
4779,61.815681112713335
4780,52.836793630340935
4781,61.085311085252236
4782,29.703757763816697
4783,47.796087006147495
4784,34.69168410772181
4785,33.386983807499995
4786,31.501815915658177
4787,71.95749535856629
4788,70.59801382030041
4789,78.22125021949121
4790,28.571144880537858
4791,64.40133768819837
4792,60.148244316392045
4793,28.00965404689549
4794,27.769369566978874
4795,34.67065122578659
4796,39.21080726943842
4797,26.59147146352135
4798,35.97211785585252
4799,54.42850047884113
4800,64.1409474356781
4801,30.062446759157766
4802,26.16113062662113
4803,26.39893475576808
4804,37.34762891939237
4805,30.01198634742586
4806,26.611717923242644
4807,72.19932457975685
4808,33.306220581167246
4809,80.99645153841807
4810,58.56337234684279
4811,68.48616537313178
4812,25.59119708336594
4813,30.18466513752295
4814,65.47065486321002
4815,55.079958203510294
4816,54.941528976148064
4817,61.13482243874144
4818,32.28546615376218
4819,87.89676875545845
4820,42.03880326215396
4821,30.443022977115866
4822,43.59770083750691
4823,44.59877499013536
4824,34.71414541570729
4825,24.747353390326886
4826,52.69779022579784
4827,29.75396523557658
4828,63.05091785128414
4829,30.89233016160461
4830,69.67224323959995
4831,58.04594011719828
4832,73.63428024793593
4833,31.23026433724131
4834,24.61061204357283
4835,27.019126734166072
4836,30.36319914416852
4837,28.301864802220905
4838,61.00657099838043
4839,79.98793734237861
4840,51.12203616784964
4841,62.467623924164855
4842,30.997148418779787
4843,32.80842385245248
4844,37.7120579191473
4845,24.760418874262285
4846,51.224253113674926
4847,77.638127001148
4848,69.15876971672856
4849,27.28922639642635
4850,25.680765629929326
4851,36.57750066466066
4852,59.991998458328844
4853,26.729108702039632
4854,33.18867764498435
4855,45.42549377083345
4856,67.61475152619843
4857,44.641755710599824
4858,39.855083990796615
4859,33.897531349652546
4860,35.26380653886068
4861,37.20886412351371
4862,31.92267431003799
4863,31.36428320802056
4864,65.82495525638778
4865,35.751822343105594
4866,72.55698689892255
4867,32.85876354832328
4868,33.37885651592494
4869,42.05193907058591
4870,34.459825927374176
4871,74.57313213795898
4872,61.82851722648619
4873,35.24311712647403
4874,29.685311958724455
4875,46.0583407212338
4876,62.135196074724405
4877,33.68648695911893
4878,79.4488234316939
4879,75.11280671252999
4880,34.692742714581215
4881,48.44237204625387
4882,38.09706209890543
4883,31.981524021704644
4884,32.57894487386815
4885,60.43091447787388
4886,75.32528150794734
4887,39.58192554721772
4888,43.3220540190304
4889,26.426227419346638
4890,51.97719684977437
4891,40.108042220225165
4892,24.958492114520887
4893,67.90490230460723
4894,38.32278569675834
4895,33.792949452212405
4896,37.00744844367851
4897,64.53874649646812
4898,41.418624718330044
4899,71.40522138550205
4900,49.50586751703094
4901,75.554614524225
4902,61.59767909291211
4903,67.18738316622071
4904,54.45526337692313
4905,64.12216357818555
4906,63.4773652351674
4907,33.42358700763908
4908,30.44845365247764
4909,72.78738397124616
4910,37.31951302345056
4911,28.636665321087648
4912,29.7618644221073
4913,74.60021851469901
4914,28.97654314347175
4915,34.676453540027275
4916,42.06128530491849
4917,52.218986959546356
4918,33.22902906912955
4919,71.62881870661039
4920,24.89755668035
4921,33.85467794225715
4922,31.370829886618743
4923,57.89378013810405
4924,33.338201510961426
4925,40.06860096598098
4926,70.93889834777443
4927,32.68255886045338
4928,72.15282700164568
4929,76.32202083694963
4930,30.311880877591918
4931,48.88644504904923
4932,50.19946357926403
4933,62.48792322438992
4934,30.090151794241123
4935,32.36744323017717
4936,63.740834315285596
4937,25.69863783094508
4938,75.59000948078425
4939,35.86745818015366
4940,56.07790143843998
4941,61.929727655243404
4942,52.12936805531523
4943,60.676722884603464
4944,22.557945242891904
4945,74.01968133923945
4946,28.71699291049326
4947,39.74431246551149
4948,26.101074576873735
4949,32.621167889184186
4950,34.07116176142296
4951,22.886671283495133
4952,38.12540725393327
4953,59.761574146414006
4954,53.36949362410442
4955,66.35415543329468
4956,34.51646788577809
4957,30.00371534689512
4958,61.13876330036342
4959,37.33517451860946
4960,36.53159136266837
4961,31.78770208495291
4962,67.79797559453769
4963,53.7278913423251
4964,41.55397703279937
4965,68.60048930120014
4966,34.48228678288152
4967,50.463957443858554
4968,78.78018477514368
4969,69.57569663146053
4970,72.32816743107473
4971,61.76984310938725
4972,36.6278313287505
4973,25.69179729845012
4974,67.29608139718086
4975,29.88159291058406
4976,34.256758799557225
4977,26.56321995465202
4978,41.648700200981715
4979,50.64661735962851
4980,76.0898626568086
4981,29.28846299527278
4982,31.249434371141945
4983,38.40168837195901
4984,51.35251578939537
4985,59.34440010859165
4986,73.15064076993124
4987,24.6952417615421
4988,56.21868938033816
4989,37.17163901110377
4990,68.93192907108929
4991,64.78083662436613
4992,33.39132409413314
4993,27.615888498617863
4994,52.841712210875095
4995,33.465933416943194
4996,59.94779136061774
4997,60.69570982081281
4998,49.9970461669265
4999,76.73686659831775
